etf_code,etf_name,sector,total_bars,ret_90d,mdd_90d,trades_90d,free_shares_90d,ret_180d,mdd_180d,trades_180d,free_shares_180d,ret_1y,mdd_1y,trades_1y,free_shares_1y,ret_2y,mdd_2y,trades_2y,free_shares_2y,ret_3y,mdd_3y,trades_3y,free_shares_3y,ret_5y,mdd_5y,trades_5y,free_shares_5y
515880,通信ETF国泰,科技芯片,1231,-26.92,27.57,82,1500,19.4,4.17,64,3100,19.68,8.25,142,7400,15.28,11.56,56,12000,35.35,24.09,382,45800,37.36,29.42,634,81500
515050,通信ETF华夏,科技芯片,1231,4.23,21.66,115,2500,20.07,3.31,58,2100,20.33,7.62,158,5000,13.82,10.03,46,6800,28.12,20.48,308,23000,21.61,32.49,436,30000
159994,通信ETF银华,科技芯片,1231,10.95,20.46,107,2200,18.6,3.16,48,1500,18.48,7.11,140,3600,13.99,10.07,52,5600,25.98,19.62,328,17200,19.91,32.81,426,22300
159811,5GETF博时,科技芯片,1231,0.08,20.37,114,600,17.72,3.25,54,600,20.48,8.41,174,1600,6.93,5.37,16,800,14.37,14.36,202,4000,18.29,28.48,442,8700
515220,煤炭ETF国泰,周期资源,1588,28.08,12.5,96,1500,28.13,14.57,230,3000,10.55,2.69,96,1900,7.72,4.92,114,3000,12.05,10.69,410,7800,17.56,29.43,1162,19800
512930,AI人工智能ETF平安,科技芯片,1231,19.87,9.84,201,5200,17.02,3.62,62,3200,17.66,6.44,260,7800,4.63,2.33,26,3400,17.98,24.09,396,25800,16.08,39.33,782,39000
515070,人工智能ETF华夏,科技芯片,1231,18.21,9.95,195,2800,16.86,3.69,62,1800,17.4,6.44,256,4300,4.52,2.21,24,1900,16.24,23.31,338,13000,13.84,38.36,630,18500
516510,云计算ETF易方达,科技芯片,1231,35.92,5.27,246,1800,18.76,8.53,383,2800,20.42,5.29,469,3800,3.43,1.47,28,900,12.94,27.79,358,6800,13.58,35.28,762,12200
516010,游戏ETF国泰,科技芯片,1231,51.06,5.5,280,3100,-33.42,24.46,60,400,-17.54,33.4,240,2100,2.88,3.23,42,1000,19.26,31.11,1152,15700,13.51,26.59,1050,18200
159819,人工智能ETF易方达,科技芯片,1231,12.07,9.74,183,1500,16.92,3.71,62,1100,17.12,6.36,240,2600,5.01,2.66,22,1200,17.29,23.35,358,8500,13.33,37.98,612,11300
513200,港股通医药ETF易方达,跨境全球,1115,29.57,2.19,74,1600,19.03,17.88,251,3000,-19.0,33.0,36,100,3.96,3.22,60,1700,12.31,27.81,516,10400,12.88,38.32,1105,17000
512980,传媒ETF广发,科技芯片,1231,29.99,6.81,183,2800,-31.17,24.94,74,900,-7.75,24.54,214,2900,2.84,2.85,30,1400,15.53,23.76,737,16200,12.81,29.2,928,22700
159869,游戏ETF华夏,科技芯片,1231,48.4,5.47,274,2900,-32.36,24.28,70,400,-16.99,33.28,230,2100,2.72,3.26,36,900,18.23,30.92,1094,14700,12.65,27.43,972,16800
516630,云计算ETF华夏,科技芯片,1217,36.75,5.25,235,1900,17.94,8.32,361,2600,20.61,5.16,469,3900,3.86,2.02,22,900,14.05,27.71,370,7700,12.62,35.4,714,11500
516100,金融科技ETF华夏,科技芯片,1231,22.77,6.96,165,2200,-36.03,23.1,52,400,-26.83,36.04,116,1200,3.41,3.93,26,1300,6.19,33.98,192,5000,12.1,37.85,915,17900
515980,人工智能ETF华富,科技芯片,1231,27.96,10.72,194,3300,15.89,4.0,52,1700,18.45,6.59,228,4900,5.43,3.04,18,2300,21.21,24.03,352,18300,10.99,43.11,354,15700
159805,传媒ETF鹏华,科技芯片,1231,30.24,6.83,179,2100,-31.02,24.86,74,700,-7.98,24.56,220,2000,2.96,3.68,30,900,15.43,23.18,706,11600,10.89,27.28,750,13700
513070,港股通消费ETF易方达,跨境全球,1086,-20.28,8.83,106,700,-33.69,18.24,38,200,-20.37,25.81,230,1000,1.33,1.31,24,400,3.26,24.46,230,2500,10.55,26.24,1422,13200
516860,金融科技ETF博时,科技芯片,1198,18.25,7.18,168,1900,-38.06,23.11,46,300,-28.37,35.76,112,900,2.99,3.25,20,1100,5.54,34.28,190,4300,10.5,37.06,931,14800
159930,能源ETF汇添富,周期资源,1231,23.85,9.39,114,800,14.39,14.06,203,1400,5.51,1.3,34,600,6.22,8.07,164,1700,5.77,7.58,240,2600,10.44,17.73,618,8600
159851,金融科技ETF华宝,科技芯片,1231,18.42,7.15,174,3400,-39.51,23.62,48,500,-28.7,37.19,122,2000,3.27,3.55,30,2300,5.5,32.86,190,7300,10.25,37.26,913,25600
513380,恒生科技ETF广发,跨境全球,1056,-11.61,8.25,154,2500,-25.2,15.91,78,1900,-27.29,30.57,146,2000,1.6,1.83,24,1200,4.74,25.0,340,9200,10.18,27.44,1081,26700
515100,红利低波100ETF景顺,公用红利,1231,7.84,6.79,153,400,-4.92,10.37,90,300,6.25,8.65,497,1500,1.24,0.5,32,300,4.63,8.27,556,2700,9.97,14.12,1402,10400
159981,能源化工ETF建信,大宗商品,1231,32.52,8.36,60,900,28.28,13.64,169,2000,10.54,5.74,78,1300,10.84,11.65,214,3200,6.24,25.17,231,2900,9.02,15.04,490,7300
513000,日经225ETF易方达,跨境全球,1231,9.08,10.03,134,600,9.58,5.66,64,400,4.6,1.33,38,300,8.29,14.47,216,2000,4.95,5.84,144,1600,8.79,23.66,480,5500
516620,影视ETF国泰,科技芯片,1179,25.43,7.45,121,2200,-29.41,24.03,40,300,-15.3,32.56,162,2300,2.89,3.1,24,1200,11.12,27.17,626,13700,8.55,31.85,896,18300
513880,日经225ETF华安,跨境全球,1231,9.95,10.33,152,700,12.78,5.32,72,600,4.48,1.35,24,300,6.44,12.11,170,1500,5.78,4.77,188,2100,8.18,22.46,494,5400
159866,日经ETF工银,跨境全球,1231,9.21,9.91,126,800,9.88,5.31,56,600,4.04,0.95,28,400,9.01,10.67,238,2800,5.27,6.34,150,2400,8.12,24.17,492,6800
515400,大数据ETF富国,科技芯片,1231,37.04,4.63,249,3800,-21.65,17.57,150,1800,-1.13,18.45,398,5300,2.59,1.56,28,1300,13.56,32.19,797,15100,7.73,44.06,1144,18400
159611,电力ETF广发,公用红利,1135,-22.48,10.4,20,100,4.68,11.27,330,2300,11.09,2.59,408,2900,3.03,1.25,188,1400,4.26,5.37,356,3300,7.65,16.96,1228,9900
513530,港股通红利ETF华泰柏瑞,跨境全球,1066,9.75,10.12,113,400,3.69,12.26,166,500,9.31,10.65,528,1700,1.36,0.61,24,200,6.34,7.62,436,3200,7.64,20.28,596,5900
513520,日经ETF华夏,跨境全球,1231,0.79,11.84,129,500,11.34,4.52,78,500,4.34,1.18,34,300,8.39,12.51,248,2000,3.99,5.76,98,1200,7.44,24.16,384,4600
518890,上海金ETF中银,大宗商品,1231,14.06,4.78,82,100,-26.88,19.36,12,0,2.73,3.45,17,0,2.7,1.15,62,100,4.7,6.09,100,200,7.41,11.3,272,900
517900,银行AH优选ETF招商,大金融,1085,17.75,7.89,93,500,14.68,5.9,184,1100,10.76,8.2,319,1700,1.79,0.72,12,300,3.1,8.19,142,1500,7.19,16.01,568,5700
159608,稀有金属ETF广发,周期资源,1145,-68.81,24.28,72,600,-3.77,18.8,230,2900,12.36,4.29,102,3100,4.54,3.34,32,1900,14.23,23.9,390,11900,7.18,54.05,570,9800
512040,价值ETF富国,核心宽基,1231,12.28,4.37,161,800,-4.37,9.07,88,400,3.87,0.76,116,700,1.61,0.45,32,500,5.51,5.74,432,3900,6.92,17.6,966,8400
518680,金ETF富国,大宗商品,1231,13.15,4.97,82,0,-27.46,19.82,10,0,2.67,3.59,11,0,3.06,2.34,54,100,3.22,4.45,76,100,6.91,11.12,202,700
512700,银行ETF南方,大金融,1231,19.12,7.88,120,700,17.45,6.95,233,1400,10.35,9.0,318,1800,1.88,0.97,24,400,3.41,8.45,156,1700,6.59,24.68,596,6100
561100,消费电子ETF富国,科技芯片,1118,9.17,13.48,143,1800,17.66,6.57,54,1200,20.56,8.02,238,3400,5.03,3.87,20,1200,15.76,20.43,284,8300,6.51,41.76,188,5300
516920,芯片ETF汇添富,科技芯片,1231,27.29,9.21,187,2800,15.81,6.9,52,1200,21.16,9.4,204,4200,5.34,4.5,26,1900,12.69,26.96,158,8200,6.47,50.89,264,6800
512820,银行ETF汇添富,大金融,1231,20.7,7.0,127,700,15.54,6.33,206,1300,9.68,8.54,311,1700,1.98,0.98,22,400,3.73,8.0,158,1900,6.28,23.85,536,6000
512480,半导体ETF国联安,科技芯片,1231,22.73,11.11,190,3500,16.98,6.07,48,1800,18.97,8.43,176,5000,6.12,5.42,26,2900,13.68,27.83,160,12000,6.27,51.8,254,8900
159998,计算机ETF天弘,科技芯片,1231,27.46,4.05,210,2600,10.42,9.38,310,4200,11.19,10.09,520,6200,2.7,1.32,24,1100,11.73,30.13,564,10900,6.26,46.43,994,13300
159801,芯片ETF广发,科技芯片,1231,19.87,11.77,185,2900,15.54,7.36,48,1500,19.84,8.44,204,4900,5.46,4.81,20,2200,11.57,23.86,140,8900,6.22,52.86,300,8000
518860,上海金ETF建信,大宗商品,1227,13.19,4.88,84,0,-28.22,20.1,10,0,2.73,3.44,17,0,2.38,1.15,52,100,3.6,5.25,94,100,6.16,10.22,252,700
588280,科创50ETF华安,核心宽基,1184,23.68,8.77,188,2800,13.45,6.04,54,1200,15.7,6.12,206,3600,4.4,3.02,22,1600,13.54,23.59,240,10300,6.13,50.12,370,7500
159995,芯片ETF华夏,科技芯片,1231,18.13,12.15,189,3000,15.65,7.23,46,1500,19.96,8.56,204,4800,5.68,5.05,26,2300,11.32,23.65,134,8700,6.12,51.65,294,7800
159813,半导体ETF鹏华,科技芯片,1231,14.43,11.81,187,4200,16.59,7.16,52,2500,20.09,8.24,198,7700,5.68,4.94,26,3700,12.29,23.81,154,15000,6.04,51.72,290,12200
159997,电子ETF天弘,科技芯片,1231,23.52,11.96,166,1400,15.63,5.84,48,700,18.87,7.24,190,2300,5.55,4.26,24,1100,14.26,19.78,242,5800,6.03,42.54,174,4000
512070,证券保险ETF易方达,大金融,1230,26.63,2.29,203,2300,6.11,8.08,216,2400,-2.97,14.61,246,2100,1.96,0.96,26,1000,3.05,15.9,128,3000,5.93,29.86,841,11100
515260,电子ETF华宝,科技芯片,1231,22.61,12.73,169,4500,16.2,5.34,50,2000,18.69,6.82,220,6000,4.85,3.39,24,2700,10.88,17.12,202,11100,5.92,41.99,186,9900
512760,芯片ETF国泰,科技芯片,1762,27.33,9.36,190,3500,15.95,6.82,54,1600,17.92,7.58,178,4500,5.83,5.02,26,2500,13.67,26.12,176,11100,5.77,52.08,280,7800
512560,军工ETF易方达,国防军工,1230,5.23,13.79,121,1800,-20.57,22.91,112,1300,12.59,9.41,327,5100,2.42,2.01,42,1400,10.0,26.3,592,11600,5.77,39.74,743,12600
562800,稀有金属ETF嘉实,周期资源,1203,-66.94,23.95,68,600,-4.61,19.13,224,3300,12.49,4.42,106,3600,4.42,3.43,30,2000,14.62,23.87,358,14200,5.75,56.97,619,11600
510760,上证指数ETF国泰,核心宽基,1231,17.05,4.15,188,800,10.54,5.53,273,1100,7.1,1.42,312,1400,1.57,0.39,28,400,4.55,11.95,398,2800,5.69,17.45,764,6100
513800,日本东证指数ETF南方,跨境全球,1231,18.21,3.51,136,500,14.15,4.39,152,900,7.09,2.16,158,800,6.1,8.85,254,1600,5.32,6.41,232,2200,5.62,22.03,460,4100
516640,芯片ETF富国,科技芯片,1222,18.08,11.2,187,2300,16.32,7.36,48,1200,19.27,8.37,186,3700,6.01,5.37,26,1900,12.8,26.22,146,7800,5.43,49.74,218,5500
516350,芯片ETF易方达,科技芯片,1145,27.42,9.68,195,2400,15.95,7.25,50,1000,18.51,7.82,194,3200,6.01,5.39,24,1700,12.24,25.77,144,6700,5.41,48.67,138,4400
159781,科创创业ETF易方达,核心宽基,1231,-19.74,13.15,138,2200,9.9,2.81,42,900,15.41,5.35,238,3800,4.55,3.15,26,1800,15.38,17.77,302,12700,5.4,50.07,338,7300
513090,香港证券ETF易方达,大金融,1231,20.16,2.97,163,700,16.94,4.83,299,1400,-15.1,23.32,120,600,3.05,2.49,18,500,3.87,22.45,94,1600,5.39,34.65,346,4100
588000,科创50ETF华夏,核心宽基,1231,20.28,8.39,182,1700,12.92,5.43,50,800,16.29,6.26,218,2600,5.42,3.69,28,1400,12.67,23.08,204,6400,5.34,50.08,346,4500
159783,科创创业50ETF华夏,核心宽基,1231,-18.96,13.01,138,2200,9.78,2.79,42,800,16.65,5.16,250,4200,4.33,2.9,24,1700,15.63,18.0,306,12700,5.31,50.32,352,7100
159780,科创创业50ETF南方,核心宽基,1231,-20.45,12.96,140,2100,9.66,3.02,40,800,16.21,5.08,244,4100,4.53,2.95,28,1900,15.74,17.92,328,12900,5.28,50.19,344,7100
588380,科创创业ETF富国,核心宽基,1231,-17.84,12.94,138,2100,9.64,2.88,42,800,15.81,5.3,244,3900,4.14,2.64,26,1700,15.0,17.45,300,12100,5.24,50.36,346,6800
515630,证券保险ETF鹏华,大金融,1231,22.98,2.08,205,1300,9.74,7.97,260,1900,-5.71,16.82,218,1100,1.64,0.97,22,400,2.86,16.75,136,1700,5.23,29.35,869,6800
510880,红利ETF华泰柏瑞,公用红利,1231,16.76,8.61,97,200,11.4,9.57,164,400,7.03,3.05,166,500,1.9,0.75,24,100,3.85,3.78,214,800,5.19,20.28,506,2100
512810,军工ETF华宝,国防军工,1231,-0.21,13.59,111,1700,-23.75,23.28,92,1200,10.35,10.51,321,4900,2.33,1.94,40,1300,9.21,26.03,576,11600,5.15,38.81,749,12800
159967,创业板成长ETF华夏,核心宽基,1231,-1.53,17.06,110,3700,19.77,2.53,58,2800,22.64,7.79,262,7800,9.16,6.62,58,5900,17.01,17.78,346,18700,5.1,52.16,327,9800
513160,港股科技ETF银华,跨境全球,1117,0.04,6.74,172,1600,-9.49,13.74,154,2300,-23.94,28.82,180,1300,1.8,2.1,16,600,6.22,23.32,378,5600,5.08,37.23,666,8200
159908,创业板ETF博时,核心宽基,1231,-16.34,11.7,100,500,14.01,4.85,187,600,12.67,3.55,202,1000,3.95,2.22,28,500,15.96,19.5,374,4300,5.07,47.08,446,2200
515290,银行ETF天弘,大金融,1231,24.18,7.46,154,900,16.79,6.6,223,1300,10.09,8.61,341,1700,1.92,0.89,32,400,3.09,6.06,138,1500,5.05,19.13,474,4600
588300,科创创业50ETF招商,核心宽基,1231,-25.14,13.15,136,1600,9.25,3.22,38,800,15.88,5.28,238,3800,4.2,2.64,26,1700,14.27,17.84,272,11300,5.04,49.57,310,6500
159782,双创50ETF银华,核心宽基,1231,-31.98,14.02,128,1500,9.74,2.83,48,800,16.54,5.3,216,4200,4.36,2.97,24,1700,14.52,17.74,272,11900,5.02,49.68,330,6700
518660,黄金ETF工银,大宗商品,1231,12.78,4.92,84,0,-27.76,19.91,10,0,2.56,3.44,11,0,2.22,1.15,42,100,3.47,5.25,52,100,4.98,8.99,186,500
159887,银行ETF富国,大金融,1231,21.53,7.28,136,800,14.33,6.09,218,1200,10.43,8.49,329,2000,1.85,0.62,26,500,2.96,6.13,148,1600,4.97,18.77,492,5000
588080,科创50ETF易方达,核心宽基,1231,19.62,8.98,180,1600,13.06,5.48,50,800,15.6,6.02,210,2500,4.24,2.67,26,1200,14.18,22.94,236,7400,4.96,51.47,350,4300
588180,科创50ETF国联安,核心宽基,1231,28.33,7.29,197,3000,13.84,5.24,60,1400,15.49,6.15,210,3900,4.19,2.68,22,1700,14.51,23.23,240,12100,4.95,50.54,372,6700
159812,黄金ETF前海开源,大宗商品,1231,12.9,4.96,76,0,-26.72,19.25,12,0,3.07,0.99,18,0,2.58,1.15,48,100,4.5,6.14,112,200,4.94,9.07,164,500
516310,银行ETF易方达,大金融,1231,21.24,7.19,138,800,14.35,6.14,198,1200,9.12,8.34,301,1700,1.62,0.53,24,400,3.03,5.76,136,1500,4.88,17.99,474,4800
512800,银行ETF华宝,大金融,1231,21.78,7.22,137,1500,15.69,6.38,233,2200,10.22,8.51,344,3300,1.72,0.5,26,800,2.95,6.24,154,2600,4.88,19.64,516,8100
159732,消费电子ETF华夏,科技芯片,1226,-5.1,14.65,119,1700,24.75,6.27,87,2100,17.09,7.87,202,3300,4.17,3.07,20,1400,14.78,18.3,326,9500,4.86,43.21,222,5000
159770,机器人ETF天弘,科技芯片,1178,-31.36,15.22,130,1600,4.27,7.8,199,2600,7.03,12.92,364,5000,2.77,1.6,26,1100,11.38,26.43,488,10300,4.81,42.27,601,8300
515020,银行ETF华夏,大金融,1231,20.82,7.06,119,600,17.08,6.24,236,1200,10.42,8.39,329,1500,1.91,1.02,16,200,2.61,6.11,118,1100,4.81,18.96,400,3700
513150,港股通科技ETF华泰柏瑞,跨境全球,1115,6.22,6.44,199,1600,-14.78,14.74,148,1400,-25.22,30.05,120,700,1.7,2.14,20,600,4.59,28.72,246,4100,4.78,39.65,661,8500
518600,金ETF广发,大宗商品,1231,10.08,5.11,72,0,-28.15,20.04,10,0,2.96,3.57,25,0,2.62,2.36,34,100,3.37,4.43,92,200,4.72,8.57,170,400
561560,电力ETF华泰柏瑞,公用红利,1054,-20.41,9.99,24,100,2.5,11.14,314,1600,9.41,2.07,380,1900,3.22,1.59,190,1200,4.02,5.49,356,2600,4.6,3.99,572,4300
515080,中证红利ETF招商,公用红利,1231,12.78,8.2,117,500,2.26,11.16,114,400,8.36,5.75,282,1300,1.79,0.78,24,300,4.37,7.02,314,2200,4.58,20.17,542,4000
588060,科创50ETF广发,核心宽基,1231,19.62,8.68,184,2700,13.23,5.64,50,1300,16.22,6.37,218,4200,4.09,2.58,22,1800,13.38,23.34,238,11400,4.56,52.81,329,6300
513500,标普500ETF博时,跨境全球,1230,13.81,2.08,86,200,8.24,4.27,58,300,5.35,3.03,114,400,3.42,11.22,150,600,1.86,5.53,48,300,4.55,12.83,344,2200
588150,科创50ETF南方,核心宽基,1148,31.65,8.45,190,3000,13.29,5.6,48,1200,16.33,6.12,222,3800,4.27,2.68,24,1700,14.42,23.86,252,11100,4.54,51.19,312,5300
159876,有色ETF华宝,周期资源,1230,-8.21,17.02,93,1200,-1.31,19.95,170,2700,12.26,4.58,86,3200,4.77,3.56,30,2400,15.76,18.9,422,14300,4.53,48.24,245,6400
159996,家电ETF国泰,大消费,1231,1.58,5.51,144,500,-3.47,7.93,178,700,4.96,7.08,428,1800,1.52,0.8,28,300,5.37,9.7,380,3100,4.5,25.73,704,4500
588330,双创50ETF华宝,核心宽基,1231,-21.65,13.18,138,1900,10.27,2.9,48,900,16.07,5.32,234,3900,4.13,2.6,26,1700,14.18,16.67,288,11400,4.49,48.95,286,5800
588050,科创50ETF工银,核心宽基,1231,23.39,7.93,190,1900,13.21,5.27,56,800,16.45,6.35,222,2700,4.87,3.62,22,1100,13.48,23.04,232,7200,4.37,50.88,330,3700
515450,红利低波50ETF南方,公用红利,1231,12.07,6.91,172,600,3.94,8.55,209,600,9.37,4.84,457,1800,1.09,0.36,26,200,2.45,7.95,206,1300,4.37,17.96,436,4400
159834,金ETF南方,大宗商品,1092,11.12,4.91,80,0,-26.21,19.16,12,0,2.82,3.58,17,0,4.0,5.61,35,0,3.2,4.46,68,100,4.31,7.95,80,300
588090,科创50ETF华泰柏瑞,核心宽基,1231,24.47,8.23,196,2000,13.19,5.39,50,800,16.57,6.22,222,2700,4.74,3.41,20,1100,13.26,22.69,218,7000,4.29,51.29,332,3600
159949,创业板50ETF华安,核心宽基,1231,-35.01,14.53,92,900,15.58,4.66,199,1500,14.68,3.49,218,2400,4.67,3.09,26,1000,12.78,20.11,246,6800,4.29,51.55,360,3700
512400,有色金属ETF南方,周期资源,1231,-10.04,18.06,83,600,-3.24,20.73,158,1300,12.64,4.21,82,1700,6.4,6.01,26,1400,18.26,19.5,428,8800,4.28,52.4,244,3200
562950,消费电子ETF易方达,科技芯片,1126,9.54,13.4,143,1800,15.71,5.94,44,1000,18.46,7.46,212,3100,5.08,3.71,20,1400,11.92,19.56,226,6500,4.26,44.34,96,3400
561550,中证500增强ETF华泰柏瑞,核心宽基,1154,11.53,6.85,151,1400,20.16,5.87,283,2300,8.21,4.92,156,1400,2.54,0.97,26,700,9.58,15.46,432,5800,4.26,24.86,224,4100
159937,黄金ETF博时,大宗商品,1231,11.82,4.92,76,0,-28.11,19.94,10,0,2.64,3.43,15,0,2.1,1.15,34,100,3.43,5.26,42,100,4.15,8.41,94,300
159971,创业板ETF富国,核心宽基,1229,-11.95,15.8,114,1900,17.14,4.34,211,2200,12.58,3.76,214,2800,3.47,2.15,28,1300,14.92,19.61,364,10900,4.12,49.17,435,4800
513020,港股科技ETF国泰,跨境全球,1118,9.54,6.19,187,1700,-15.4,14.6,116,1300,-24.74,30.06,128,700,1.57,1.33,14,600,4.09,29.55,222,3600,4.12,41.0,611,7600
159807,科技ETF易方达,科技芯片,1231,6.1,8.2,177,2400,12.0,4.52,56,1400,16.59,5.45,264,5100,3.83,2.17,28,1800,13.34,23.45,426,13000,4.1,49.44,318,6400
515180,红利ETF易方达,公用红利,1231,13.15,8.09,115,600,2.87,10.95,126,500,8.06,5.45,284,1400,1.61,0.35,28,400,4.42,6.25,316,2500,4.1,20.16,484,4000
560880,家电ETF广发,大消费,1075,11.53,4.11,162,700,1.52,6.75,175,800,6.9,6.14,483,1800,1.49,0.6,30,300,7.41,8.54,520,4200,4.06,4.6,330,3300
516150,稀土ETF嘉实,周期资源,1231,-52.22,20.49,86,300,-17.7,22.03,210,1200,12.04,13.32,351,3000,3.5,2.77,26,800,12.18,26.27,370,6200,4.05,53.69,496,4000
513550,港股通50ETF华泰柏瑞,跨境全球,1231,12.94,6.75,149,800,6.32,9.42,234,1300,3.53,12.85,388,2300,1.32,0.61,16,300,5.73,15.94,416,4300,3.99,31.42,444,5100
515300,300红利低波ETF嘉实,公用红利,1231,13.85,6.48,136,600,-1.19,11.06,69,300,7.42,8.73,466,1600,0.97,0.25,26,200,2.54,4.61,246,1400,3.95,15.04,496,4200
159713,稀土ETF富国,周期资源,1231,-43.55,19.27,96,900,-13.94,21.0,262,2000,12.11,12.9,399,3900,3.61,2.75,38,1200,12.28,25.8,396,8700,3.93,53.22,429,4700
159915,创业板ETF易方达,核心宽基,1231,-21.9,12.37,104,400,13.23,4.38,197,600,11.71,3.49,198,800,4.84,3.31,26,400,13.61,19.98,306,3400,3.9,48.54,397,1500
159977,创业板ETF天弘,核心宽基,1231,-21.98,12.75,106,900,17.96,4.27,211,1500,12.0,3.41,210,1700,3.9,2.28,26,800,12.2,20.19,290,5800,3.9,49.34,413,3000
516780,稀土ETF华泰柏瑞,周期资源,1231,-49.36,20.4,96,1000,-13.51,21.82,274,3300,12.9,12.56,413,6300,3.2,2.32,32,1600,12.06,25.96,400,12900,3.89,53.91,461,7200
512890,红利低波ETF华泰柏瑞,公用红利,1230,16.3,7.16,145,800,7.85,9.06,190,900,8.65,8.09,433,1900,1.36,0.4,30,400,3.18,3.27,296,2100,3.88,13.46,436,4500
518800,黄金ETF国泰,大宗商品,1231,12.65,4.92,80,0,-28.32,20.15,10,0,2.81,3.58,17,0,2.77,2.36,46,100,3.27,4.45,52,100,3.85,7.95,86,200
562500,机器人ETF华夏,科技芯片,1141,-31.27,15.66,138,1800,1.6,8.44,163,2300,8.1,12.27,362,5400,2.89,1.65,30,1200,12.53,26.27,550,11800,3.8,42.71,587,7700
159980,有色ETF大成,周期资源,1231,9.08,3.98,85,200,10.83,6.0,192,600,3.41,0.81,54,300,4.42,2.56,192,900,3.64,4.16,254,1300,3.8,15.97,510,2500
159871,有色ETF银华,周期资源,1231,-0.12,16.66,106,1500,1.52,19.62,176,2900,13.65,4.51,124,3700,4.73,3.74,22,2300,16.09,18.36,444,14800,3.79,46.19,228,5400
510100,上证50ETF易方达,核心宽基,1230,20.37,2.24,263,500,15.34,3.71,387,700,10.44,4.03,587,1000,1.84,0.68,30,100,3.1,11.94,212,700,3.79,26.72,760,1800
159934,黄金ETF易方达,大宗商品,1231,10.58,5.06,76,0,-27.93,19.92,10,0,2.76,3.58,15,0,2.11,1.2,32,0,3.08,4.47,48,100,3.79,7.97,80,200
159952,创业板ETF广发,核心宽基,1229,-25.47,12.7,104,700,15.75,4.38,209,1100,12.28,3.44,214,1500,4.08,2.48,26,700,13.63,20.29,310,5700,3.71,48.38,368,2500
513660,恒生ETF华夏,跨境全球,1231,11.74,6.66,135,600,-2.17,11.53,134,500,-4.03,15.84,246,800,1.52,1.02,14,200,4.55,15.7,332,2400,3.69,28.23,514,3500
159948,创业板ETF南方,核心宽基,1229,-19.41,11.63,96,400,14.83,4.56,205,600,11.54,3.67,212,700,3.85,2.27,26,300,13.21,19.43,306,2900,3.67,47.72,400,1300
510900,恒生中国企业ETF易方达,跨境全球,1231,10.91,9.0,146,1000,-6.34,13.5,102,700,-11.45,21.7,184,700,1.52,1.14,22,500,4.48,18.83,310,3600,3.64,35.93,474,5100
159831,金ETF嘉实,大宗商品,1078,17.17,5.01,106,100,-26.33,19.29,18,0,2.68,3.5,15,0,2.37,1.17,46,100,4.27,6.25,82,200,3.64,7.03,100,200
518880,黄金ETF华安,大宗商品,1231,11.12,4.99,72,0,-27.7,19.8,10,0,2.54,3.44,11,0,2.11,1.15,34,100,3.41,5.26,44,100,3.59,7.7,74,200
159957,创业板ETF华夏,核心宽基,1231,-22.44,12.62,116,700,14.39,4.46,191,900,12.2,3.68,204,1400,3.77,2.04,34,700,13.18,19.66,306,5000,3.57,48.28,366,2200
159943,深证成指ETF大成,核心宽基,1231,-21.15,9.9,96,500,12.43,4.39,270,1600,8.0,2.27,186,1300,2.04,0.73,26,500,7.34,18.43,338,4000,3.51,40.24,436,3300
510050,上证50ETF华夏,核心宽基,1231,19.62,1.81,253,500,10.36,3.72,358,500,9.14,4.46,574,900,1.8,0.71,30,100,2.82,11.97,196,700,3.49,27.88,982,1800
159880,有色ETF鹏华,周期资源,1231,-1.58,16.33,98,1500,0.55,19.19,161,2900,12.13,3.84,80,3100,5.13,4.07,20,2400,15.86,16.53,416,14400,3.43,47.16,200,4800
513600,恒生指数ETF南方,跨境全球,1231,10.29,6.73,135,300,-4.47,11.8,102,200,-5.73,16.59,240,300,1.48,1.07,16,100,4.89,17.34,336,1300,3.43,30.33,448,1700
159830,金ETF天弘,大宗商品,1231,10.74,4.94,74,0,-27.97,19.91,10,0,2.8,3.57,15,0,3.42,2.32,66,100,3.41,4.42,82,100,3.43,7.11,104,200
516650,有色金属ETF华夏,周期资源,1231,-1.08,15.59,92,700,-4.37,19.43,137,1100,11.78,4.87,88,1500,5.39,4.7,30,1200,15.23,17.42,390,7200,3.41,45.49,148,2400
510230,金融ETF国泰,大金融,1231,15.31,4.48,124,600,12.59,5.02,186,1200,5.78,9.32,269,1500,1.75,0.47,20,500,5.03,9.19,332,3100,3.37,25.94,238,3400
159796,电池ETF汇添富,新能源制造,1094,-82.46,22.54,68,500,-28.77,23.0,246,2800,1.3,9.09,238,3200,4.64,3.92,68,2800,10.48,27.92,438,11500,3.36,52.91,972,13000
518850,黄金ETF华夏,大宗商品,1231,12.36,4.9,82,0,-25.69,18.91,22,0,2.57,3.44,11,0,2.11,1.15,30,100,3.5,5.25,54,100,3.34,6.86,90,200
159715,稀土ETF易方达,周期资源,1212,-43.63,19.89,94,800,-11.09,21.0,270,2400,12.98,11.06,396,4100,3.46,2.69,28,1200,10.57,24.31,326,8000,3.3,52.14,238,4000
513300,纳斯达克ETF华夏,跨境全球,1231,10.62,6.01,153,300,7.38,4.15,52,200,5.61,3.4,102,400,6.6,12.12,238,1300,2.03,5.64,58,500,3.3,20.91,164,1400
513080,法国ETF华安,跨境全球,1230,7.38,2.31,154,400,13.53,6.11,347,1100,11.67,5.03,400,1800,5.4,6.88,294,1600,4.85,5.73,410,2300,3.29,19.95,436,2600
515000,科技ETF华宝,科技芯片,1231,22.19,11.38,169,2500,11.69,3.57,40,800,18.14,6.08,222,3800,5.04,3.51,20,1600,15.07,17.89,288,10300,3.25,43.09,140,3400
561300,沪深300增强ETF国泰,核心宽基,1154,28.45,3.71,274,1800,20.57,3.71,311,2500,9.32,1.58,252,2300,1.6,0.36,26,500,4.46,10.79,258,3500,3.25,32.96,522,4100
159845,中证1000ETF华夏,核心宽基,1231,-13.77,13.75,88,200,3.2,13.26,193,600,8.62,6.11,232,700,3.17,1.78,32,300,8.65,26.59,404,2300,3.22,40.08,387,1600
159941,纳指ETF广发,跨境全球,1231,15.01,5.98,163,700,7.46,3.95,56,400,6.4,2.22,108,900,5.85,9.67,194,1800,2.16,5.31,64,900,3.17,23.88,164,2500
513100,纳指ETF国泰,跨境全球,1230,13.89,6.26,167,500,10.11,3.95,80,500,5.65,2.03,98,500,5.58,10.11,212,1300,2.19,5.76,62,600,3.1,21.1,162,1800
512680,军工ETF广发,国防军工,1231,5.31,12.87,121,1000,-23.97,23.69,98,700,11.56,11.43,351,3100,2.13,1.64,38,700,10.06,26.87,658,7200,3.06,42.05,606,5700
159625,绿色电力ETF嘉实,公用红利,1062,-17.42,9.46,22,100,-0.98,12.71,308,1600,11.16,3.9,470,2500,2.31,1.08,108,800,4.1,5.7,372,2700,3.04,2.51,362,3000
515310,沪深300ETF汇添富,核心宽基,1231,1.33,3.5,188,800,9.72,3.74,291,1300,8.0,1.99,391,1600,1.27,0.39,26,300,3.7,12.58,220,2100,2.88,30.7,722,3000
515850,证券ETF富国,大金融,1231,17.96,1.01,82,800,14.42,6.29,298,2000,-9.12,18.03,166,700,1.78,1.19,24,500,3.61,18.13,204,2200,2.88,35.01,726,5200
159731,石化ETF华夏,周期资源,1153,12.24,5.87,149,1200,-10.93,15.17,84,900,7.24,3.18,124,1800,3.67,2.03,62,1700,9.54,15.66,414,8800,2.8,36.68,436,5800
513690,港股红利ETF博时,跨境全球,1231,13.6,8.81,130,800,3.67,12.2,188,1000,9.59,7.05,339,2200,1.42,0.42,24,400,5.67,7.69,400,4100,2.8,35.4,304,3400
515390,沪深300ETF华安,核心宽基,1231,2.36,3.5,194,800,9.45,3.75,272,1200,8.36,1.96,352,1700,1.54,0.65,32,300,3.47,12.11,196,2000,2.79,31.29,653,3000
512100,中证1000ETF南方,核心宽基,1230,-15.8,13.91,80,200,2.42,13.08,187,600,10.39,4.99,265,900,3.08,1.49,34,300,8.8,27.25,412,2400,2.74,42.88,378,1400
515010,证券ETF华夏,大金融,1231,16.34,1.65,115,900,14.97,6.26,317,2300,-9.16,18.84,192,1100,1.92,1.52,28,500,3.86,18.25,214,2500,2.73,35.25,708,5800
510510,中证500ETF广发,核心宽基,1231,10.29,7.43,149,700,12.34,7.39,249,1100,8.58,3.63,144,800,2.75,1.01,28,400,8.82,18.24,416,2900,2.71,35.67,252,1400
515800,中证800ETF汇添富,核心宽基,1231,6.68,4.45,199,1100,12.32,4.25,303,1700,8.8,1.91,263,1800,1.68,0.47,28,400,4.76,13.72,260,3100,2.67,33.99,529,3000
560050,中国A50ETF汇添富,核心宽基,1178,5.97,2.77,229,1000,6.99,2.61,67,600,9.32,1.94,374,2300,1.82,0.53,24,600,4.54,14.5,274,3400,2.65,33.75,396,3300
512570,证券ETF易方达,大金融,1231,19.58,1.47,125,1200,16.88,6.13,323,2900,-9.99,18.4,182,900,1.64,1.09,20,500,3.44,17.86,200,2500,2.65,35.52,704,6800
159922,中证500ETF嘉实,核心宽基,1231,5.81,7.6,133,500,10.6,6.91,239,800,8.45,3.87,140,600,2.9,1.29,30,300,9.39,19.92,420,2500,2.64,36.71,261,1100
510330,沪深300ETF华夏,核心宽基,1231,-1.7,3.5,174,200,10.93,3.41,279,300,7.25,1.89,341,400,3.03,1.79,28,100,4.23,12.26,238,600,2.63,31.01,711,800
510360,沪深300ETF广发,核心宽基,1231,1.7,3.59,196,600,12.36,2.95,286,1100,8.23,1.57,336,1200,1.5,0.59,32,200,3.08,12.61,192,1300,2.63,30.97,651,2100
159925,沪深300ETF南方,核心宽基,1229,2.12,3.01,203,200,11.3,3.36,286,300,7.75,1.9,298,400,3.16,1.74,30,100,3.73,12.52,210,500,2.6,31.35,628,700
512660,军工ETF国泰,国防军工,1231,4.11,13.64,131,1200,-23.44,23.35,104,700,10.74,11.13,303,3000,2.34,2.16,38,700,9.89,26.37,620,7200,2.59,42.02,536,5400
510310,沪深300ETF易方达,核心宽基,1231,-2.16,3.63,180,200,9.8,3.44,272,300,7.59,1.81,324,400,1.57,0.45,32,100,3.45,12.81,190,500,2.58,31.53,612,800
510500,中证500ETF南方,核心宽基,1231,6.14,7.1,129,200,12.08,7.11,243,300,8.64,3.95,146,200,4.18,2.57,26,100,8.78,20.03,400,900,2.57,36.4,260,400
513030,德国ETF华安,跨境全球,1230,13.44,2.19,86,400,14.54,7.52,228,1000,10.17,9.8,411,1700,1.98,1.37,76,400,1.32,5.95,44,500,2.53,29.7,268,1700
512500,中证500ETF华夏,核心宽基,1231,-1.7,8.15,125,300,9.27,6.7,233,500,8.76,3.27,136,500,3.21,1.48,28,200,8.21,18.58,386,1400,2.48,35.15,244,700
159758,红利质量ETF华夏,公用红利,1142,18.46,2.58,195,1000,18.13,4.13,395,2300,12.5,8.1,625,3400,1.72,0.63,40,600,8.45,17.62,714,6500,2.41,26.12,276,2800
159920,恒生ETF华夏,跨境全球,1231,10.99,6.65,131,500,-0.35,11.58,162,700,-3.93,15.81,258,900,1.44,0.89,18,300,4.59,16.29,336,2600,2.39,33.9,312,2200
159919,沪深300ETF嘉实,核心宽基,1231,-2.86,3.6,162,100,9.72,3.61,283,300,7.46,1.91,338,400,2.71,1.69,30,0,3.76,12.41,212,500,2.39,31.43,679,700
159993,证券ETF鹏华,大金融,1231,18.66,1.95,128,1200,18.37,5.8,338,2800,-7.93,17.88,220,1200,1.81,1.11,30,600,3.34,19.41,166,2300,2.39,37.77,688,6100
159601,A50ETF华夏,核心宽基,1178,6.06,2.96,239,1000,6.5,2.55,64,600,8.64,1.75,342,2000,1.88,0.61,26,600,4.46,14.39,264,3300,2.36,33.61,358,2800
510300,沪深300ETF华泰柏瑞,核心宽基,1231,-3.24,3.69,166,100,9.17,3.61,275,300,7.63,1.99,352,400,3.0,1.82,28,100,3.37,12.96,196,500,2.32,33.0,696,800
561350,中证500ETF国泰,核心宽基,1219,9.04,7.4,145,1600,12.92,7.43,265,2500,8.86,3.9,156,1800,3.3,1.32,36,1100,9.85,18.17,394,6900,2.26,34.84,198,2400
159985,豆粕ETF华夏,大宗商品,1231,25.18,1.21,48,400,16.77,7.22,136,900,12.42,2.49,150,1300,7.51,7.68,204,1600,5.45,20.97,265,2000,2.24,9.76,38,1000
159842,券商ETF银华,大金融,1231,18.58,1.09,99,1200,17.68,6.34,333,3200,-9.6,18.83,182,1200,1.82,1.38,30,600,3.92,18.79,220,3100,2.16,35.97,730,6700
510580,中证500ETF易方达,核心宽基,1231,6.72,7.61,143,400,12.36,6.58,241,600,9.13,3.48,144,500,4.04,2.12,30,300,7.8,17.9,378,1600,1.82,33.57,192,500
510180,上证180ETF华安,核心宽基,1231,11.24,2.89,256,300,7.77,4.87,371,400,10.27,3.45,545,800,2.21,1.01,32,100,3.34,12.63,234,600,1.77,28.29,322,600
159901,深证100ETF易方达,核心宽基,1231,-13.89,6.91,156,300,8.24,2.66,218,400,8.55,2.55,267,600,2.83,1.57,26,200,7.26,17.34,432,1700,1.65,41.58,433,1000
517380,创新药ETF天弘,医药健康,1231,24.47,1.73,58,1600,33.77,9.74,252,5500,9.38,22.35,236,4600,2.87,1.42,26,1400,10.96,27.44,408,11400,1.62,51.28,327,5100
159750,港股科技50ETF招商,跨境全球,1113,3.07,7.85,189,1700,-16.55,15.43,116,1400,-24.36,30.18,134,1000,1.73,1.61,34,800,4.98,25.44,302,5100,1.55,40.38,622,7400
512000,券商ETF华宝,大金融,1231,19.7,1.53,111,2600,17.94,6.59,331,6600,-10.31,19.17,182,2100,1.86,1.1,32,1400,3.99,19.0,208,6400,1.47,37.48,634,12100
159841,证券ETF天弘,大金融,1231,20.16,1.5,101,1400,15.91,6.44,329,3100,-9.8,19.1,188,1300,1.65,1.03,26,600,3.81,18.93,220,3200,1.45,36.97,652,6200
512880,证券ETF国泰,大金融,2453,18.71,1.72,113,1200,16.36,6.48,313,2900,-10.79,18.97,158,800,1.84,1.23,28,600,3.8,19.34,200,2900,1.37,37.0,610,5600
510210,上证指数ETF富国,核心宽基,1231,7.84,4.55,153,800,4.72,5.81,245,1300,7.92,1.63,337,2100,1.27,0.28,30,500,5.18,12.29,420,4300,1.27,22.46,138,1600
512900,证券ETF南方,大金融,1231,18.58,1.72,115,1100,17.74,6.32,321,3100,-10.64,18.88,162,900,1.88,1.33,28,600,4.07,19.03,212,3100,0.97,37.4,608,5100
159751,港股通科技ETF鹏华,跨境全球,1142,8.21,5.85,207,1900,-16.96,14.03,112,1100,-24.53,29.29,120,800,1.88,1.61,24,900,5.48,30.14,298,5500,0.86,45.9,490,5900
512670,国防ETF鹏华,国防军工,1230,17.38,12.72,119,2200,-19.25,24.48,98,1300,10.94,9.86,283,3900,2.45,2.27,32,1100,11.04,31.69,626,11800,-0.23,49.95,560,7100
515230,软件ETF国泰,科技芯片,1231,18.25,5.12,207,3400,-37.73,22.96,68,1100,-21.74,30.69,206,2600,2.45,2.93,28,1400,4.44,39.29,784,13600,-0.26,49.04,882,12300
516670,畜牧养殖ETF招商,大消费,1231,39.24,4.89,164,3900,-24.59,23.78,26,500,-10.48,24.51,124,1600,3.52,1.59,92,2700,1.12,26.9,434,7000,-0.5,30.04,392,7000
159605,中概互联ETF广发,跨境全球,1160,-4.65,11.93,176,1900,-36.46,22.97,38,600,-33.79,39.73,120,900,2.43,7.99,137,2200,6.58,16.61,580,8900,-0.67,40.85,518,6900
159825,农业ETF富国,大消费,1231,32.52,4.68,143,2500,-25.9,23.76,38,400,-1.56,19.88,169,2100,2.45,1.36,36,1300,7.5,22.49,412,9000,-0.68,38.46,438,5800
159607,中概互联网ETF嘉实,跨境全球,1160,-0.08,11.44,184,2200,-36.77,23.01,40,500,-34.31,40.12,120,900,2.34,7.62,123,2000,6.76,16.55,592,9100,-1.14,41.29,496,6400
159867,养殖ETF鹏华,大消费,1231,41.27,4.51,160,4600,-25.22,23.59,26,500,-13.03,25.76,100,1200,4.55,2.87,142,4100,-0.21,26.83,356,7300,-1.39,30.36,350,7000
515650,消费50ETF富国,大消费,1231,21.78,5.34,139,1200,-14.39,16.1,16,0,-10.67,20.03,108,400,2.6,1.12,136,1200,5.9,16.49,1098,6800,-2.45,28.26,448,2500
159852,软件ETF嘉实,科技芯片,1231,17.84,5.32,228,3500,-39.56,21.99,66,1000,-20.65,29.05,230,3200,2.16,2.09,26,1200,3.87,39.34,832,13500,-2.46,52.09,670,9700
159865,养殖ETF国泰,大消费,1231,36.25,4.82,168,4000,-26.86,24.3,24,500,-13.42,26.01,108,1100,4.81,3.47,146,4400,-0.92,27.38,356,6800,-2.46,34.42,348,5700
516570,石化ETF易方达,周期资源,1231,17.88,5.86,143,1400,-10.66,15.18,74,800,5.87,3.23,104,1300,3.23,1.73,46,1400,8.23,15.87,336,6800,-2.61,46.63,100,1000
159892,恒生医药ETF华夏,跨境全球,1192,29.03,2.26,74,2100,25.14,17.72,276,4800,-16.09,32.39,56,600,3.3,2.38,34,2000,12.39,26.67,448,13900,-2.8,57.53,168,2600
513050,中概互联网ETF易方达,跨境全球,1231,5.35,11.9,190,1800,-40.68,25.49,18,100,-33.05,39.71,144,700,2.98,6.05,112,1500,5.35,17.01,494,4900,-2.95,43.0,556,4100
516810,农业ETF华夏,大消费,1133,31.27,4.71,119,2300,-26.7,24.31,24,200,0.26,19.11,165,2300,2.55,1.38,32,1300,8.77,21.46,414,9700,-3.0,41.59,140,2200
512710,军工龙头ETF富国,国防军工,1231,18.71,10.61,127,2200,-25.28,25.69,90,1700,9.02,11.91,309,4800,2.14,2.23,34,1200,11.01,29.22,771,15000,-3.07,49.79,350,5100
159766,旅游ETF富国,大消费,1231,-11.66,8.58,53,800,-40.46,23.55,32,500,-16.48,25.2,168,2500,2.4,6.39,221,3800,-9.78,34.85,92,1300,-3.17,45.25,1094,12600
159748,创新药ETF富国,医药健康,1159,29.12,1.92,68,2100,39.1,9.91,308,6700,0.58,22.78,167,2800,3.29,1.91,30,1800,11.24,26.09,438,12100,-3.31,53.12,28,400
513010,恒生科技ETF易方达,跨境全球,1231,-11.03,7.99,156,2300,-24.85,15.53,80,1600,-26.65,30.03,142,1700,1.6,1.41,24,1000,4.58,24.94,315,7500,-3.32,50.08,490,6700
159840,锂电池ETF工银,新能源制造,1227,-65.41,18.42,76,600,-25.06,20.82,276,3100,3.67,6.62,225,3700,2.92,2.14,50,1800,10.36,29.26,572,12600,-3.57,60.52,396,4700
513980,港股科技ETF景顺,跨境全球,1231,8.71,6.36,181,2500,-17.12,15.15,114,1600,-25.0,30.78,130,1200,1.8,1.59,24,1200,5.46,30.14,308,7800,-3.75,55.7,314,4800
513860,港股通科技ETF海富通,跨境全球,1231,7.71,5.97,170,2400,-17.08,14.6,108,1600,-25.01,30.62,122,1200,1.75,1.8,16,1000,5.27,29.19,250,7500,-3.76,55.42,284,4800
513770,港股互联网ETF华宝,跨境全球,1110,-0.29,12.13,190,6300,-49.01,28.07,40,1500,-43.12,47.35,92,1600,3.62,6.65,137,6600,3.1,30.72,468,18800,-3.91,43.28,348,11600
159755,电池ETF广发,新能源制造,1231,-68.15,19.03,66,400,-30.08,21.51,248,2000,2.81,7.43,228,3000,2.86,2.24,44,1300,10.15,29.35,560,10000,-3.97,60.6,360,3800
517110,创新药ETF国泰,医药健康,1200,24.39,2.45,70,1700,38.69,10.1,318,7000,-1.62,23.07,142,2700,3.24,1.88,32,1800,9.94,27.32,416,11400,-4.05,53.97,60,600
159928,消费ETF汇添富,大消费,1231,27.21,5.61,196,2900,-28.77,21.11,20,100,-22.71,29.05,40,100,2.17,10.23,238,2600,-7.71,32.94,138,2100,-4.11,40.28,768,6400
510630,消费ETF华夏,大消费,1231,19.45,5.74,180,1700,-20.18,17.04,34,100,-15.74,22.33,60,400,4.44,4.77,242,3000,-5.44,28.42,158,2500,-4.15,39.1,650,4700
513180,恒生科技ETF华夏,跨境全球,1289,-10.87,8.03,160,2300,-24.93,15.74,82,1700,-26.88,30.18,154,1900,1.6,1.7,24,1000,4.21,25.79,318,7400,-4.17,50.51,388,5900
159742,恒生科技ETF博时,跨境全球,1231,-9.95,7.87,162,2300,-25.41,16.05,76,1700,-27.5,30.74,130,1500,1.59,1.71,24,1000,4.47,25.03,328,7800,-4.18,51.14,404,5400
562510,旅游ETF华夏,大消费,1140,-6.18,8.06,73,1100,-39.47,23.5,32,500,-16.0,24.94,160,2300,2.92,5.98,224,3900,-9.51,34.75,108,1400,-4.19,45.8,874,10900
561910,电池ETF招商,新能源制造,1231,-84.78,22.81,70,600,-29.08,22.97,230,3100,2.0,8.41,242,3800,4.32,3.37,58,3100,10.61,26.53,486,13600,-4.23,60.64,358,4400
159741,恒生科技ETF嘉实,跨境全球,1231,-11.16,7.97,152,2200,-25.18,15.32,80,1600,-25.95,29.05,154,2000,1.61,1.73,26,1100,4.33,24.48,305,7400,-4.28,50.82,374,5600
513580,恒生科技ETF华安,跨境全球,1231,-11.16,8.22,156,2400,-26.33,15.94,68,1600,-27.01,30.09,148,1800,1.59,1.57,26,1100,4.96,25.1,389,9100,-4.32,50.73,378,5700
513130,恒生科技ETF华泰柏瑞,跨境全球,1231,-10.0,8.22,160,2400,-25.37,15.35,78,1500,-27.28,30.28,134,1600,1.6,1.76,24,1100,4.9,25.59,361,8700,-4.84,50.91,332,4500
159740,恒生科技ETF大成,跨境全球,1231,-10.87,8.12,162,2500,-24.71,15.57,90,1800,-26.44,29.64,156,2000,1.61,1.85,24,1100,4.4,24.69,298,7700,-5.05,51.49,310,4100
515170,食品饮料ETF华夏,大消费,1231,16.09,5.05,186,3200,-24.83,17.16,46,400,-22.01,26.36,62,600,2.13,9.11,287,4500,-9.93,35.58,104,1900,-5.12,43.2,742,9000
515060,房地产ETF华夏,大金融,1231,0.71,7.78,103,2000,-27.62,20.92,54,1000,-16.38,24.31,160,2400,4.35,2.48,107,3700,-6.65,32.84,184,4200,-5.15,46.0,528,7900
516080,创新药ETF易方达,医药健康,1231,26.79,1.59,78,2300,32.85,9.44,335,7300,-10.92,24.18,94,1400,2.22,1.16,34,1400,12.51,20.29,664,16800,-5.25,49.72,114,1100
513700,港股通医药ETF鹏华,跨境全球,1231,25.55,2.04,72,2300,21.14,16.95,261,5400,-18.17,32.07,40,500,3.46,2.52,52,2600,10.49,27.84,490,14800,-5.31,57.82,64,700
512690,酒ETF鹏华,大消费,1231,15.89,7.59,178,4200,-35.04,22.94,46,400,-30.43,35.56,62,800,-5.56,22.17,152,2900,-15.56,50.26,36,700,-5.32,51.62,1000,14900
516120,化工ETF富国,周期资源,1231,-2.16,10.8,129,1700,-13.68,15.11,136,1600,7.77,3.58,112,2100,3.46,1.76,30,1700,7.04,21.59,214,6800,-5.76,56.02,24,100
515030,新能源车ETF华夏,新能源制造,1231,-68.35,18.62,74,300,-25.61,19.87,244,1200,0.11,8.07,204,1300,2.8,2.42,44,700,6.74,30.09,384,3800,-5.77,60.26,318,1400
516020,化工ETF华宝,周期资源,1231,-11.32,11.08,119,1100,-14.09,14.94,154,1900,8.99,2.87,124,2600,3.07,1.58,32,1500,7.05,21.74,216,7000,-6.12,56.56,28,100
512200,房地产ETF南方,大金融,1231,-3.73,8.1,86,900,-28.56,20.83,56,400,-17.2,24.22,146,900,3.61,2.97,110,1500,-7.62,33.79,144,1700,-6.28,48.98,450,3300
159938,医药ETF广发,医药健康,1231,24.1,1.41,108,2300,18.15,10.54,365,5200,-15.26,22.8,42,200,1.76,1.18,50,1200,5.34,21.12,714,11400,-6.29,44.86,204,1300
516090,新能源ETF易方达,新能源制造,1230,-65.99,18.78,78,1000,-39.23,24.12,206,3300,3.42,7.07,225,5100,3.76,2.75,84,4000,5.27,29.15,276,9800,-6.36,60.35,408,5900
159736,食品饮料ETF天弘,大消费,1203,20.61,4.51,221,2800,-22.35,15.93,52,400,-19.97,24.99,62,600,4.46,4.37,318,4500,-9.16,31.63,108,1400,-6.51,44.0,524,4500
159870,化工ETF鹏华,周期资源,1231,-12.28,11.32,117,1300,-15.07,15.04,152,1900,7.82,3.47,126,2400,3.45,1.7,38,2000,6.76,21.98,224,7200,-6.59,57.08,20,0
515120,创新药ETF广发,医药健康,1231,25.05,1.4,72,2300,31.35,9.73,330,7500,-12.4,24.9,82,1500,2.18,1.3,34,1400,12.55,21.23,675,18400,-6.89,53.21,120,1100
159992,创新药ETF银华,医药健康,1231,25.63,1.55,78,1800,29.96,9.82,328,5400,-12.72,25.19,74,1000,2.18,1.43,34,1000,13.11,21.43,691,14400,-6.95,52.9,128,800
159929,医药ETF汇添富,医药健康,1231,22.4,1.38,108,1000,15.83,10.78,351,2300,-14.85,22.54,52,100,2.3,1.42,64,800,3.64,21.6,588,4600,-7.12,46.92,206,600
159707,地产ETF华宝,大金融,1174,16.63,7.25,123,3600,-34.29,26.04,54,1200,-21.31,31.78,152,3100,1.55,14.22,172,5400,-13.08,44.13,36,1200,-7.16,54.43,638,10100
159875,新能源ETF嘉实,新能源制造,1230,-72.0,19.7,66,700,-38.47,24.84,220,3300,1.8,7.48,213,4200,3.62,2.68,84,3200,3.7,29.68,297,7000,-7.21,61.14,406,4600
159792,港股通互联网ETF富国,跨境全球,1202,0.25,12.62,182,4100,-48.54,28.15,42,1000,-43.49,47.63,78,700,3.9,6.52,133,4400,3.09,29.99,470,11400,-7.27,55.06,302,3800
513060,恒生医疗ETF博时,跨境全球,1231,24.18,1.98,70,2400,10.33,18.86,197,4400,-22.81,34.86,40,200,3.29,2.77,44,2700,10.87,26.93,528,17000,-7.31,61.32,54,300
516160,新能源ETF南方,新能源制造,1231,-68.98,19.07,64,100,-39.02,24.42,198,600,0.29,8.48,186,800,3.81,3.86,74,600,3.97,28.59,280,1700,-7.35,58.25,364,700
159857,光伏ETF天弘,新能源制造,1231,-69.68,20.65,56,300,-47.33,28.15,138,1500,3.44,12.17,258,4500,5.75,4.85,162,4300,-0.24,34.34,454,7000,-7.86,59.92,560,4300
512290,生物医药ETF国泰,医药健康,1231,20.82,1.41,64,1100,31.29,9.76,316,4400,-12.96,25.89,54,400,2.3,1.36,44,900,7.04,23.4,683,7900,-7.88,51.7,98,500
515790,光伏ETF华泰柏瑞,新能源制造,1231,-70.22,19.98,60,300,-49.3,27.84,130,1200,0.72,12.34,228,3300,5.58,4.56,168,3600,-1.22,34.55,466,5500,-7.88,60.53,572,4000
159837,生物科技ETF易方达,科技芯片,1231,24.1,1.5,72,2800,26.51,11.61,355,8400,-13.66,25.23,56,1200,2.11,1.24,44,1800,10.34,22.3,764,21700,-7.93,54.31,162,1500
512010,医药ETF易方达,医药健康,1231,26.05,1.53,98,4300,24.91,11.38,401,10500,-14.34,25.73,68,700,2.61,0.98,88,3400,4.67,23.16,650,18500,-7.94,51.92,246,2500
515210,钢铁ETF国泰,周期资源,1231,-27.0,9.89,20,0,-45.34,24.89,30,100,-7.67,18.21,234,1500,1.96,1.63,38,700,11.0,23.04,882,8600,-8.49,56.35,28,100
159883,医疗器械ETF永赢,医药健康,1231,29.53,4.17,307,5500,-22.9,16.97,90,1400,-19.49,25.59,122,1700,6.22,5.26,406,8700,-0.9,25.45,798,12500,-8.6,49.71,290,2300
513330,恒生互联网ETF华夏,跨境全球,1231,-10.58,11.85,180,4800,-40.74,23.11,50,1800,-33.65,38.65,180,2900,2.14,3.96,98,3300,2.21,27.3,644,18100,-8.94,55.43,134,1600
159768,房地产ETF银华,大金融,1112,15.97,7.23,111,3800,-35.41,26.19,50,1300,-21.93,32.06,162,3400,1.06,14.42,164,5600,-13.65,45.58,28,1100,-9.5,58.71,426,7700
159828,医疗ETF国泰,医药健康,1231,24.51,1.35,122,3500,15.73,11.52,290,6800,-10.2,22.94,118,2400,1.99,1.07,50,2000,-1.71,31.4,362,7500,-9.99,60.49,142,1100
159745,建材ETF国泰,周期资源,1231,-16.63,8.8,66,1400,-41.5,22.36,54,800,-11.78,19.48,254,2700,1.54,0.87,24,1000,-6.96,35.12,158,2700,-10.03,56.11,10,0
512170,医疗ETF华宝,医药健康,1231,26.21,1.19,122,4700,13.94,11.52,284,7900,-11.58,23.48,98,2500,2.0,1.09,50,2500,-1.19,30.97,374,10900,-10.05,60.48,134,1500
159859,生物医药ETF天弘,医药健康,1231,25.18,1.01,62,3600,33.16,12.52,332,13000,-11.06,25.49,76,2600,3.54,1.97,76,4400,0.29,30.32,308,12500,-10.78,63.81,126,1400
159839,生物医药ETF汇添富,医药健康,1231,26.26,1.16,70,4100,33.28,12.7,340,14000,-10.88,25.49,82,2800,4.34,2.15,96,6200,-1.42,31.06,270,9900,-11.1,64.63,122,1400
588110,科创成长ETF广发,核心宽基,735,22.4,19.97,130,5400,25.43,4.66,72,4900,16.92,7.26,134,7000,9.41,7.97,38,7900,28.35,25.1,302,40300,,,,
562590,半导体设备ETF华夏,科技芯片,707,50.35,7.93,175,4200,19.97,4.57,52,2200,12.93,5.81,34,3100,7.83,6.54,24,4300,27.98,23.92,320,25500,,,,
159516,半导体设备ETF国泰,科技芯片,760,50.98,8.88,185,6100,19.58,4.36,48,3100,13.22,5.6,42,4800,8.41,7.03,32,6300,26.33,26.03,296,34900,,,,
560780,半导体设备ETF广发,科技芯片,668,48.86,8.32,185,3900,18.93,4.53,50,2000,13.55,5.49,46,3400,8.72,7.36,28,4400,25.02,20.84,226,20500,,,,
588020,科创成长ETF易方达,核心宽基,735,14.93,20.6,120,3600,26.08,4.14,76,3600,17.8,7.77,126,5300,7.96,6.84,26,4600,22.93,25.82,250,23800,,,,
561980,半导体设备ETF招商,科技芯片,734,39.69,5.98,157,5100,16.12,4.28,46,2500,17.04,6.24,76,6800,7.28,5.34,26,5700,21.55,24.5,198,29100,,,,
588200,科创芯片ETF嘉实,科技芯片,944,34.43,11.7,191,3400,18.11,5.02,42,1700,18.56,7.15,164,4400,7.71,6.25,20,3200,21.1,24.95,168,16600,,,,
588290,科创芯片ETF华安,科技芯片,944,32.39,12.17,185,3400,18.35,5.26,48,1800,18.96,7.41,162,4600,7.66,6.12,28,3400,20.96,25.33,178,16800,,,,
513310,中韩半导体ETF华泰柏瑞,科技芯片,903,-42.18,23.22,116,300,25.9,12.52,122,600,10.62,4.84,32,300,8.82,7.01,24,700,20.0,15.98,204,3600,,,,
561330,矿业ETF国泰,周期资源,940,-11.03,17.82,87,1200,2.42,19.66,187,3200,11.78,4.26,76,3000,5.75,4.79,26,2800,19.05,17.89,448,17700,,,,
159695,通信ETF嘉实,科技芯片,814,-17.01,24.8,80,1200,28.34,4.76,108,3600,14.29,5.43,130,3600,7.72,5.76,24,3800,18.45,15.59,254,16200,,,,
159663,机床ETF华夏,新能源制造,944,-43.05,24.0,78,1300,23.66,7.13,180,3300,8.48,6.03,74,1900,5.08,3.82,20,2400,17.51,22.17,328,15600,,,,
159507,通信ETF广发,科技芯片,782,-12.15,24.95,92,1600,28.24,5.05,112,3900,18.07,6.71,140,5300,7.47,5.69,18,3900,17.33,15.06,248,16700,,,,
159667,工业母机ETF国泰,新能源制造,944,-44.42,24.6,76,2000,23.72,7.49,194,5200,9.23,6.1,86,3200,5.34,4.05,26,3900,16.57,23.44,320,22300,,,,
159546,集成电路ETF国泰,科技芯片,705,6.64,12.23,169,4100,25.3,7.47,81,4100,21.54,10.68,244,7900,5.95,5.24,24,3700,15.7,24.49,182,17800,,,,
588030,科创100ETF博时,核心宽基,724,19.7,12.57,147,1500,22.84,3.9,96,1600,12.75,5.53,120,1800,5.62,3.61,30,1500,15.63,33.0,334,7900,,,,
560860,工业有色ETF万家,周期资源,852,-15.26,17.34,93,700,4.2,18.65,191,2000,10.2,4.39,72,1500,4.18,2.93,20,1200,15.45,18.75,412,8400,,,,
513350,标普油气ETF富国,跨境全球,677,43.26,5.87,104,1800,50.32,13.73,338,4800,9.83,4.52,80,1600,13.29,16.6,234,5200,15.39,21.87,422,8800,,,,
588190,科创100ETF银华,核心宽基,724,18.33,12.57,144,1500,25.3,3.58,100,1800,13.77,5.53,122,2000,5.83,3.7,34,1600,14.62,33.11,302,7400,,,,
588120,科创100ETF国泰,核心宽基,724,23.52,11.47,155,3100,22.06,3.66,84,3000,13.08,5.49,124,3700,5.64,3.47,30,3200,14.49,33.21,312,14500,,,,
159518,标普油气ETF嘉实,跨境全球,685,27.91,3.82,66,1100,40.83,11.89,298,4100,9.54,3.65,102,1700,12.43,17.74,296,5100,14.46,24.16,510,8900,,,,
588220,科创100ETF鹏华,核心宽基,724,22.36,12.28,159,1600,23.46,3.76,96,1600,12.43,5.55,116,1800,5.89,3.76,34,1700,14.08,32.77,306,7100,,,,
159652,有色ETF汇添富,周期资源,875,-8.17,16.13,87,600,-3.22,19.63,148,1400,11.54,3.75,84,1700,5.24,4.64,20,1300,13.78,16.96,386,7200,,,,
159681,创业板50ETF鹏华,核心宽基,896,-26.71,13.74,104,1100,14.64,4.66,187,1400,14.93,3.75,228,2500,4.17,2.55,32,1000,13.65,20.61,272,7500,,,,
159540,信创ETF易方达,科技芯片,715,10.54,9.46,159,1400,18.39,7.58,109,1300,15.19,6.21,186,2100,5.53,4.54,24,1100,13.6,23.27,204,6200,,,,
513120,港股创新药ETF广发,跨境全球,1014,27.91,2.56,68,1200,32.67,15.58,268,3600,-14.7,32.15,44,300,4.34,3.48,54,1600,13.59,23.72,426,9400,,,,
159570,港股通创新药ETF汇添富,跨境全球,640,28.83,2.6,68,1100,10.42,17.65,235,2400,-26.28,35.02,46,400,3.77,4.45,34,1100,13.52,14.76,350,7300,,,,
513280,恒生生物科技ETF汇添富,跨境全球,1010,22.56,2.41,56,1000,26.23,17.25,266,3500,-14.46,30.78,54,700,3.8,3.02,32,1500,13.23,26.55,422,10500,,,,
159671,稀有金属ETF工银,周期资源,853,-65.62,23.94,54,400,1.91,18.0,234,2800,15.23,4.86,109,2900,4.62,3.43,26,1500,13.21,23.72,324,8900,,,,
159531,中证2000ETF南方,核心宽基,723,6.97,14.97,120,800,10.48,16.08,232,1600,15.11,7.28,299,2700,3.34,1.61,38,900,12.94,29.21,502,7700,,,,
159665,半导体龙头ETF工银,科技芯片,893,27.54,11.66,196,1500,17.7,7.62,60,800,19.04,8.4,194,2100,6.48,6.03,26,1100,12.63,23.29,146,4500,,,,
159615,恒生生物科技ETF南方,跨境全球,1024,27.21,2.21,74,1300,27.66,16.93,270,3700,-15.55,31.88,56,600,3.81,3.28,32,1400,12.48,26.86,428,9800,,,,
588800,科创100ETF华夏,核心宽基,686,18.46,11.9,143,1300,25.61,3.64,96,1900,11.56,5.6,102,1600,6.12,4.06,30,1600,12.33,34.61,214,5900,,,,
562660,中证2000ETF华夏,核心宽基,725,19.08,13.28,159,1000,22.21,12.97,303,2000,12.45,4.86,224,1700,3.16,1.44,36,700,12.28,25.85,360,5700,,,,
588700,科创医药ETF嘉实,医药健康,651,32.02,2.12,126,2300,21.14,9.68,431,5000,-22.04,25.07,44,300,3.25,2.61,52,1600,11.94,26.63,786,11600,,,,
563300,中证2000ETF华泰柏瑞,核心宽基,725,-5.68,17.02,104,900,4.84,17.01,217,1500,11.33,4.5,234,2100,2.62,1.21,32,800,11.81,26.61,494,7200,,,,
159682,创业板50ETF景顺,核心宽基,896,-26.67,13.66,104,1100,14.97,4.8,189,1500,14.42,3.9,216,2400,3.86,2.22,26,1100,11.8,20.29,246,6500,,,,
159532,中证2000ETF易方达,核心宽基,720,-0.37,14.85,117,800,7.16,14.94,215,1300,10.57,3.68,224,1600,3.2,1.74,28,700,11.78,25.25,398,6100,,,,
159559,机器人ETF景顺,科技芯片,668,-28.74,16.41,136,1600,2.05,14.04,224,2700,4.55,20.61,492,5300,2.79,1.77,28,900,11.76,23.81,456,8000,,,,
588460,科创50增强ETF鹏华,核心宽基,894,22.02,9.78,180,1400,14.33,5.14,52,700,15.91,5.8,202,2100,4.84,3.26,26,1000,11.42,19.08,166,4900,,,,
159502,标普生物科技ETF嘉实,跨境全球,648,10.66,0.53,12,200,15.32,2.4,106,1100,3.49,0.55,16,400,6.68,24.49,168,2200,11.31,22.91,432,5400,,,,
159622,创新药ETF东财,医药健康,815,30.24,1.47,72,1500,33.32,9.98,278,3900,-3.74,24.57,114,1200,3.57,2.38,38,1300,11.2,25.89,448,8500,,,,
159638,航空航天ETF嘉实,国防军工,991,-5.43,13.87,120,1000,-32.11,26.64,100,1100,9.61,10.02,309,3600,2.28,2.59,38,1000,10.9,30.22,721,11100,,,,
561360,石油ETF国泰,周期资源,698,27.04,6.3,126,1100,-5.33,16.34,80,400,5.33,2.22,44,600,4.39,3.03,56,1300,10.75,8.67,396,5800,,,,
159506,港股通创新药医疗ETF富国,跨境全球,778,28.16,2.45,70,1200,10.91,19.26,222,2400,-21.69,32.97,50,300,3.92,3.31,40,1400,10.48,27.29,408,7300,,,,
159530,机器人ETF易方达,科技芯片,642,-34.76,16.75,130,1300,-2.5,15.07,226,2100,2.85,21.17,484,4500,2.72,1.83,28,800,10.44,14.27,306,6100,,,,
159567,港股创新药ETF银华,跨境全球,647,29.61,2.25,74,2500,9.0,18.16,227,4800,-29.53,37.98,32,100,3.54,3.74,46,2300,10.43,19.69,288,11700,,,,
159628,国证2000ETF万家,核心宽基,1010,-9.37,13.78,110,800,8.22,12.5,229,1800,13.35,4.37,288,2700,2.6,0.99,32,800,10.2,27.7,436,6500,,,,
561160,电池ETF富国,新能源制造,1016,-80.96,22.23,64,500,-28.54,22.6,236,3000,4.44,7.8,253,4600,4.43,3.45,66,3200,9.9,27.6,436,12600,,,,
159697,石油ETF鹏华,周期资源,818,23.77,5.53,130,1000,-15.56,18.23,64,200,7.07,2.84,70,1200,3.94,2.99,56,1300,9.68,9.4,510,6100,,,,
159566,储能电池ETF易方达,新能源制造,627,-62.09,17.98,70,300,-34.76,23.32,202,1000,5.08,12.28,340,2600,5.49,4.02,80,1500,9.61,8.52,262,3800,,,,
560110,中证1000ETF汇添富,核心宽基,995,-14.64,14.1,86,700,4.74,12.71,209,1800,13.47,4.38,321,3300,2.76,1.18,36,1000,9.42,27.64,462,7100,,,,
560010,中证1000ETF广发,核心宽基,996,-18.17,14.22,76,200,2.91,12.98,193,600,9.27,5.83,250,800,3.2,1.76,32,300,9.01,26.77,428,2400,,,,
159698,粮食ETF鹏华,大消费,744,33.1,6.32,64,1800,-17.72,24.59,29,800,9.25,13.95,102,2700,3.87,2.03,16,1500,8.98,17.04,236,7800,,,,
159633,中证1000ETF易方达,核心宽基,997,-12.9,13.63,88,200,2.5,12.76,187,500,9.49,4.86,247,800,3.11,1.57,34,300,8.9,27.63,414,2300,,,,
159629,中证1000ETF富国,核心宽基,998,-13.52,13.67,88,200,4.35,12.85,203,600,11.72,6.27,277,1000,3.27,1.73,34,300,8.82,26.9,404,2300,,,,
159680,中证1000增强ETF招商,核心宽基,919,-6.84,13.66,111,600,14.07,11.12,220,1700,11.28,4.33,213,1700,2.88,1.27,22,600,8.14,23.67,264,4200,,,,
517520,黄金股ETF永赢,大宗商品,697,54.29,11.54,107,1400,2.83,27.9,100,1000,25.77,14.29,247,3200,9.3,10.55,58,2000,7.97,11.66,88,2800,,,,
513190,港股通金融ETF华夏,跨境全球,712,21.44,7.68,96,600,16.73,4.73,154,1000,14.83,5.88,322,2100,2.96,0.91,14,400,7.53,10.4,186,3200,,,,
159635,基建ETF华夏,公用红利,1014,-4.36,4.9,89,600,-29.55,16.19,18,0,-1.44,11.04,382,2000,1.25,0.5,30,500,7.09,16.81,941,6700,,,,
513750,港股通非银ETF广发,跨境全球,679,13.27,6.37,123,700,1.05,11.36,115,800,-1.53,17.13,254,1400,2.69,1.9,16,500,7.08,16.98,184,3500,,,,
560280,工程机械ETF广发,新能源制造,699,-21.9,8.23,76,400,-7.61,10.97,226,1200,8.73,1.19,279,1600,2.34,1.25,38,600,6.9,4.79,412,3600,,,,
159636,港股通科技30ETF工银,跨境全球,1008,11.49,8.23,179,3300,-28.58,20.83,64,1500,-29.06,35.87,140,2000,1.72,1.76,20,1300,6.71,29.42,388,11500,,,,
513290,纳指生物科技ETF汇添富,跨境全球,980,15.39,0.44,10,300,10.85,2.89,56,600,4.74,1.17,14,400,5.41,17.55,100,1500,6.36,7.14,156,2800,,,,
159350,深证50ETF富国,核心宽基,669,-13.81,7.09,190,800,9.43,2.72,134,800,12.1,2.52,424,2100,2.06,0.99,30,400,6.07,7.26,298,3000,,,,
513140,港股通金融ETF华泰柏瑞,跨境全球,889,16.3,6.75,88,500,16.04,3.71,190,1100,12.57,2.94,302,1900,2.42,0.56,18,500,6.0,10.62,256,2800,,,,
159562,黄金股ETF华夏,大宗商品,640,46.95,11.06,100,1100,4.41,27.63,100,900,26.37,16.45,255,3000,7.4,7.92,44,1500,5.57,8.37,48,1400,,,,
562060,标普A股红利ETF华宝,跨境全球,656,8.13,5.65,133,1300,-12.04,12.88,64,500,7.29,2.32,250,3100,1.64,0.72,42,1200,5.07,6.54,332,6200,,,,
510980,上证指数ETF汇添富,核心宽基,675,7.34,3.98,165,500,7.71,4.76,290,1100,6.25,1.1,258,1100,1.51,0.42,28,300,4.98,6.98,396,2800,,,,
560090,证券ETF汇添富,大金融,850,21.19,1.25,117,1200,15.56,6.49,325,2600,-10.16,19.09,178,1000,1.86,1.51,30,600,4.98,17.78,258,3600,,,,
562930,软件ETF易方达,科技芯片,796,20.2,4.61,229,3400,-36.11,21.37,88,1100,-17.95,27.58,244,3600,2.12,1.72,22,1200,4.98,38.77,780,13400,,,,
561170,绿色电力ETF富国,公用红利,849,-21.73,10.1,20,100,4.16,10.76,302,1900,10.8,3.18,444,2500,4.24,1.66,200,1900,4.71,4.19,416,3400,,,,
561580,央企红利ETF华泰柏瑞,公用红利,800,16.51,7.32,106,700,3.22,12.97,91,400,7.98,7.05,289,1500,1.19,0.31,18,300,4.5,9.6,308,2800,,,,
513400,道琼斯ETF鹏华,跨境全球,631,11.07,0.66,63,400,7.69,3.77,92,600,6.15,3.32,136,1100,3.74,6.78,140,1400,4.35,4.13,260,2200,,,,
159691,港股红利ETF工银,跨境全球,824,8.46,8.56,97,600,-22.23,19.22,24,0,-0.84,16.28,272,1400,1.8,0.81,38,600,4.16,3.98,296,2700,,,,
562550,绿电ETF华夏,公用红利,842,-22.77,10.15,20,100,4.59,10.7,324,2000,11.38,3.08,441,2700,2.97,1.27,144,1300,4.05,5.4,340,2900,,,,
159692,证券ETF东财,大金融,805,19.45,1.91,107,1100,17.0,6.22,320,2500,-7.04,17.97,224,1200,1.82,1.4,24,500,4.0,17.01,212,2700,,,,
159687,亚太精选ETF南方,跨境全球,894,2.07,11.37,129,600,11.67,4.98,76,600,7.75,1.89,120,900,4.79,7.29,124,1200,3.97,5.65,158,1600,,,,
159509,纳指科技ETF景顺,跨境全球,752,24.72,5.33,136,500,13.0,4.62,66,400,5.84,0.7,62,400,11.42,18.95,306,2000,3.91,5.85,74,1000,,,,
513260,恒生科技ETF汇添富,跨境全球,970,-12.4,8.16,154,1100,-24.96,15.55,78,800,-27.23,30.22,130,600,1.57,2.01,22,500,3.91,24.41,301,3300,,,,
513040,港股通互联网ETF易方达,跨境全球,791,-9.08,12.64,164,2000,-49.89,28.15,40,700,-43.7,47.42,90,400,3.16,8.0,150,2400,3.5,28.5,516,7400,,,,
159577,美国50ETF汇添富,核心宽基,622,18.17,2.85,144,600,7.71,4.66,56,500,7.11,5.33,156,1100,4.02,9.28,134,1200,3.49,2.12,126,1300,,,,
159673,沪深300ETF鹏华,核心宽基,768,2.9,3.58,204,900,12.0,3.9,301,1500,8.48,1.97,354,1800,1.34,0.42,30,300,3.44,12.14,208,2200,,,,
159696,纳指ETF易方达,跨境全球,739,7.13,6.34,130,300,9.35,4.17,68,400,6.03,2.52,118,700,4.67,9.32,136,1100,3.21,4.94,102,900,,,,
513920,港股通央企红利ETF华安,跨境全球,651,6.1,9.85,83,300,-7.83,15.21,80,200,7.03,10.48,337,1400,1.33,0.43,22,300,3.16,6.17,130,1200,,,,
159655,标普500ETF华夏,跨境全球,945,12.19,1.49,90,300,6.71,3.94,48,300,5.67,3.52,132,600,4.55,10.05,164,1100,2.67,5.34,104,900,,,,
513390,纳指100ETF博时,跨境全球,816,10.83,6.55,151,400,7.69,4.24,60,300,5.11,3.85,98,500,5.67,9.24,144,1100,2.4,4.48,62,600,,,,
563020,红利低波ETF易方达,公用红利,666,15.68,7.37,145,800,5.37,9.57,137,700,8.94,8.51,441,2100,1.49,0.52,34,400,2.35,1.78,158,1200,,,,
513630,港股低波红利ETF摩根,跨境全球,670,6.55,7.86,129,300,-4.53,12.25,138,300,6.65,7.35,341,1200,1.13,0.46,18,200,2.32,2.46,122,1000,,,,
159659,纳斯达克100ETF招商,跨境全球,822,12.19,6.28,149,300,6.87,4.02,52,300,5.72,2.5,106,500,4.43,8.92,134,900,2.28,5.62,60,500,,,,
159632,纳斯达克ETF华安,跨境全球,998,12.03,5.98,151,300,8.2,4.09,58,300,5.26,3.14,112,500,5.35,9.29,152,1000,2.23,5.42,62,500,,,,
513110,纳指ETF华泰柏瑞,跨境全球,847,11.53,6.26,153,300,10.99,4.38,88,500,6.95,3.39,134,700,4.64,8.94,130,900,2.21,5.1,56,500,,,,
159660,纳指ETF汇添富,跨境全球,828,10.29,6.91,158,400,8.08,4.36,66,300,5.19,2.87,112,500,4.91,9.18,146,900,2.2,5.06,62,500,,,,
159513,纳斯达克100ETF大成,跨境全球,759,-0.29,8.48,106,300,7.92,4.5,52,400,5.05,3.17,114,600,4.85,9.9,172,1400,2.2,7.67,68,800,,,,
159688,恒生互联网ETF华安,跨境全球,870,-12.94,11.54,154,2000,-40.93,23.18,44,700,-33.58,38.28,158,1200,2.18,4.02,84,1600,2.19,26.26,600,9000,,,,
159529,标普消费ETF景顺,跨境全球,627,7.51,3.29,162,800,4.08,5.66,233,1200,-3.35,10.99,290,1500,1.21,1.4,48,300,2.17,3.55,92,1000,,,,
159501,纳指ETF嘉实,跨境全球,789,8.34,6.65,141,200,8.55,4.21,62,400,5.57,2.57,106,500,5.33,9.46,158,1200,2.16,5.81,68,600,,,,
513850,美国50ETF易方达,核心宽基,685,17.05,2.35,122,500,7.14,4.3,54,300,5.43,4.64,110,600,5.56,11.28,170,1500,1.93,1.69,50,700,,,,
159547,红利低波ETF华夏,公用红利,626,15.26,7.47,146,700,9.76,8.73,218,1100,9.64,7.8,506,2100,1.25,0.33,20,300,1.77,1.55,82,900,,,,
513870,纳指ETF富国,跨境全球,696,8.63,6.9,138,400,8.67,3.64,54,400,6.17,2.55,112,600,5.05,9.05,144,1200,1.67,1.12,12,200,,,,
513650,标普500ETF南方,跨境全球,836,11.2,1.65,88,200,7.69,4.26,60,400,6.18,3.45,138,700,4.14,9.48,152,1100,1.32,5.67,42,400,,,,
560080,中药ETF汇添富,医药健康,951,20.9,4.79,161,1700,-12.08,14.67,134,800,-12.92,20.56,100,500,3.64,5.37,232,2300,-0.08,23.28,704,5500,,,,
159321,黄金股ETF华安,大宗商品,555,46.66,11.06,100,1600,4.31,28.06,106,1400,26.93,15.32,255,4400,7.45,8.4,52,2100,,,,,,,,
517400,黄金股ETF国泰,大宗商品,574,44.05,11.21,93,1400,4.43,28.21,96,1400,24.69,14.68,239,3800,7.6,8.11,54,2200,,,,,,,,
159325,半导体ETF南方,科技芯片,450,27.5,8.93,193,1600,17.35,6.76,56,900,24.08,8.91,216,3300,16.86,11.43,250,4200,,,,,,,,
588170,科创半导体ETF华夏,科技芯片,351,68.52,10.37,179,5500,21.0,4.93,42,2300,22.2,9.53,58,6300,,,,,,,,,,,,
588780,科创芯片设计ETF国联安,科技芯片,416,11.41,12.92,159,3500,28.2,5.92,122,3900,21.71,10.59,218,6200,17.88,11.66,202,9200,,,,,,,,
159599,芯片ETF东财,科技芯片,574,27.42,9.66,211,1400,15.95,7.07,52,600,21.33,10.64,222,2000,6.73,6.37,26,1000,,,,,,,,
589020,科创半导体设备ETF鹏华,科技芯片,248,63.79,11.33,173,4100,21.22,5.35,50,1900,20.18,8.49,58,4800,,,,,,,,,,,,
588710,科创半导体设备ETF华泰柏瑞,科技芯片,314,66.74,10.72,175,5100,19.71,4.44,38,2100,19.66,8.45,50,5400,,,,,,,,,,,,
588810,科创芯片ETF富国,科技芯片,407,39.11,10.92,184,3200,19.97,4.96,46,1700,19.36,7.41,168,4200,,,,,,,,,,,,
588750,科创芯片ETF汇添富,科技芯片,416,39.28,10.57,203,1700,18.29,5.17,46,800,19.22,7.88,166,2200,18.87,11.97,198,3800,,,,,,,,
588890,科创芯片ETF南方,科技芯片,582,42.06,10.31,205,3200,18.93,5.08,48,1600,18.94,7.48,176,3900,9.45,7.47,28,3700,,,,,,,,
589100,科创芯片ETF国泰,科技芯片,352,42.1,10.32,201,4700,18.13,5.1,46,2300,18.83,7.44,172,5700,,,,,,,,,,,,
588950,科创50ETF景顺,核心宽基,396,21.44,7.99,192,1700,12.84,5.45,46,800,18.43,6.31,252,3000,,,,,,,,,,,,
159583,通信ETF富国,科技芯片,531,11.45,21.83,128,1700,27.01,5.2,84,1900,18.32,6.91,156,2700,10.54,7.36,30,3000,,,,,,,,
159388,创业板人工智能ETF国泰,科技芯片,352,12.07,18.33,146,2600,30.49,5.95,131,3600,18.25,7.15,166,4700,,,,,,,,,,,,
588990,科创芯片ETF博时,科技芯片,503,35.05,10.48,201,1000,19.03,5.49,42,500,18.25,8.4,168,1200,8.62,7.06,38,1100,,,,,,,,
159246,创业板人工智能ETF富国,科技芯片,288,12.69,17.83,142,2400,30.84,5.82,131,3200,17.16,7.75,158,3800,,,,,,,,,,,,
589080,科创综指ETF汇添富,核心宽基,374,11.32,10.65,167,1900,22.37,5.19,116,1900,16.86,5.6,212,3000,,,,,,,,,,,,
159363,创业板人工智能ETF华宝,科技芯片,424,12.36,18.39,146,2300,30.84,5.64,129,3000,16.58,7.63,156,3400,23.16,20.11,194,9200,,,,,,,,
159242,创业板人工智能ETF大成,科技芯片,278,7.55,18.11,136,1100,29.41,5.58,123,1700,16.56,6.85,154,2000,,,,,,,,,,,,
159382,创业板人工智能ETF南方,科技芯片,331,7.76,17.57,134,900,29.79,6.06,133,1300,16.24,7.14,154,1500,,,,,,,,,,,,
588940,科创50ETF富国,核心宽基,315,24.6,8.35,188,3900,14.23,5.53,64,1900,16.18,5.76,232,5200,,,,,,,,,,,,
159279,创业板人工智能ETF华安,科技芯片,231,11.78,18.21,140,1800,29.9,5.85,121,2600,15.99,6.17,128,2700,,,,,,,,,,,,
159381,创业板人工智能ETF华夏,科技芯片,361,8.05,18.35,136,2000,29.47,5.81,117,3000,15.84,7.43,146,3400,,,,,,,,,,,,
159259,成长ETF易方达,核心宽基,253,-10.95,21.97,89,1500,23.03,4.34,74,1900,15.73,9.49,146,2800,,,,,,,,,,,,
588870,科创50ETF汇添富,核心宽基,395,24.93,8.22,188,2000,12.96,5.57,50,800,15.69,6.25,218,2500,,,,,,,,,,,,
589800,科创综指ETF易方达,核心宽基,375,16.96,13.39,179,2300,22.76,4.73,108,1800,15.57,6.01,182,2700,,,,,,,,,,,,
159582,半导体ETF博时,科技芯片,587,43.55,5.84,175,5000,16.36,4.12,48,2300,14.99,5.79,74,5200,8.02,6.21,30,5600,,,,,,,,
588730,科创人工智能ETF易方达,科技芯片,396,-0.58,9.51,147,1900,11.52,8.25,223,2500,14.69,9.91,408,4400,,,,,,,,,,,,
159327,半导体设备ETF万家,科技芯片,512,51.97,8.01,181,3700,19.19,4.34,44,1800,14.42,5.81,40,3400,8.38,6.95,26,3900,,,,,,,,
588230,科创200ETF华泰柏瑞,核心宽基,418,-11.61,21.77,99,1000,23.05,12.97,181,2200,14.41,5.83,140,2100,12.3,7.73,154,3300,,,,,,,,
588240,科创200ETF鹏华,核心宽基,380,-15.01,21.81,93,1000,24.07,11.94,201,2400,14.27,6.69,142,2200,,,,,,,,,,,,
589000,科创综指ETF华夏,核心宽基,374,7.84,10.9,153,1600,23.19,5.17,116,2000,14.17,5.96,170,2400,,,,,,,,,,,,
589850,科创50ETF东财,核心宽基,266,18.04,8.79,182,1600,13.14,5.3,52,900,14.08,5.85,204,2400,,,,,,,,,,,,
159218,卫星ETF招商,科技芯片,322,-51.64,24.2,124,700,-33.08,28.37,196,1700,13.73,6.63,237,2700,,,,,,,,,,,,
159373,创业板50ETF嘉实,核心宽基,391,-28.0,13.98,100,1000,18.21,3.82,209,1600,13.2,3.88,194,2000,,,,,,,,,,,,
588760,科创人工智能ETF广发,科技芯片,397,-6.55,10.7,156,3500,7.01,8.51,221,4500,13.19,10.4,421,8700,,,,,,,,,,,,
589520,科创人工智能ETF华宝,科技芯片,368,0.37,9.95,162,5300,7.65,8.78,225,6000,13.07,10.01,405,10900,,,,,,,,,,,,
159558,半导体设备ETF易方达,科技芯片,546,47.24,8.32,185,3500,19.25,4.43,50,1900,12.93,5.48,32,2900,8.13,6.74,28,3900,,,,,,,,
589680,科创综指ETF鹏华,核心宽基,374,10.62,10.59,157,1900,22.49,4.78,129,2000,12.78,5.51,160,2200,,,,,,,,,,,,
589660,科创综指ETF南方,核心宽基,374,10.7,10.91,147,1800,24.05,5.26,106,2000,12.4,5.61,140,2000,,,,,,,,,,,,
159205,创业板ETF东财,核心宽基,308,-18.62,11.78,98,1000,15.28,3.94,191,1300,12.06,3.41,210,1800,,,,,,,,,,,,
589010,科创人工智能ETF华夏,科技芯片,350,0.54,9.63,171,2100,7.09,8.64,233,2400,11.62,11.42,399,4500,,,,,,,,,,,,
588930,科创人工智能ETF银华,科技芯片,404,-2.49,9.81,154,1800,10.44,8.34,233,2400,11.61,10.1,419,3800,,,,,,,,,,,,
588790,科创AIETF博时,科技芯片,407,2.57,9.81,159,4100,7.2,8.61,215,4200,11.23,10.65,391,7700,,,,,,,,,,,,
159552,中证2000增强ETF招商,核心宽基,537,22.48,12.09,155,800,23.99,11.04,265,1500,10.67,3.93,192,1200,3.29,1.3,28,600,,,,,,,,
512630,卫星ETF广发,科技芯片,220,-46.37,23.83,126,1100,-32.19,29.22,200,2200,10.67,4.16,134,2200,,,,,,,,,,,,
510720,红利国企ETF国泰,公用红利,569,19.95,9.99,106,1000,16.12,10.31,197,1900,10.61,3.49,214,2500,2.15,0.53,32,800,,,,,,,,
159241,航空航天ETF天弘,国防军工,317,7.63,15.99,117,1400,-31.56,29.56,92,1000,10.6,15.35,300,3400,,,,,,,,,,,,
563230,卫星ETF富国,科技芯片,239,-47.86,24.1,136,1100,-33.63,29.24,208,2200,10.25,4.46,201,2300,,,,,,,,,,,,
159206,卫星ETF永赢,科技芯片,367,-31.15,23.63,120,1300,-15.83,27.96,270,2300,10.08,3.73,128,1800,,,,,,,,,,,,
159587,粮食ETF广发,大消费,498,33.97,6.85,62,1400,-17.0,25.16,27,600,9.99,14.57,110,2200,8.09,4.68,54,3100,,,,,,,,
159595,中证A50ETF大成,核心宽基,606,5.35,3.32,231,700,13.74,3.08,333,1500,9.82,1.73,446,2000,1.57,0.56,28,400,,,,,,,,
520990,港股央企红利ETF景顺,跨境全球,530,7.42,8.98,83,600,-11.46,16.02,72,300,9.52,8.27,314,2600,1.75,0.82,34,600,,,,,,,,
159569,港股红利低波ETF景顺,跨境全球,499,14.52,10.03,140,800,-4.35,15.09,120,400,9.5,5.07,294,1800,1.62,0.76,16,300,,,,,,,,
159309,油气ETF汇添富,周期资源,546,30.61,6.48,115,1200,-7.03,18.09,69,500,9.39,3.51,72,1500,6.16,4.12,62,2100,,,,,,,,
159593,中证A50ETF平安,核心宽基,610,5.89,2.49,247,800,13.1,2.91,319,1400,9.12,1.83,418,1800,1.35,0.49,30,300,,,,,,,,
561380,电网设备ETF国泰,新能源制造,419,-49.57,18.81,54,700,-9.15,17.38,240,3100,9.09,2.93,84,3100,7.25,10.73,124,4600,,,,,,,,
159591,A50ETF富国,核心宽基,606,7.88,2.77,235,800,11.77,2.8,231,1100,8.93,1.75,424,1800,1.67,0.68,28,400,,,,,,,,
159581,红利ETF万家,公用红利,607,12.86,7.92,107,700,3.65,10.33,128,800,8.92,5.36,294,2200,1.54,0.35,24,500,,,,,,,,
512050,A500ETF华夏,核心宽基,445,-1.99,4.84,170,1000,14.25,4.3,294,2200,8.77,2.12,246,1900,4.71,10.86,212,1900,,,,,,,,
159209,红利质量ETF招商,公用红利,360,18.91,3.73,165,1100,-15.56,14.01,36,200,8.73,6.49,369,2300,,,,,,,,,,,,
520900,港股通红利ETF广发,跨境全球,530,6.51,9.47,71,500,-12.59,16.75,78,300,8.72,8.58,330,2400,1.68,0.78,34,600,,,,,,,,
159320,电网设备ETF广发,新能源制造,417,-44.92,18.01,60,1300,-10.27,17.67,224,3400,8.65,2.81,78,3500,8.45,10.38,170,6400,,,,,,,,
159561,德国ETF嘉实,跨境全球,572,10.16,2.05,90,400,12.12,8.32,264,1200,8.51,10.29,415,2000,1.95,2.09,104,600,,,,,,,,
512020,A500ETF鹏华,核心宽基,434,4.23,4.56,194,1100,15.03,3.86,303,2000,8.44,2.08,241,1700,5.31,7.39,238,1900,,,,,,,,
520660,港股通央企红利ETF南方,跨境全球,530,4.94,9.61,61,500,-14.89,17.11,46,100,8.44,8.67,350,2300,1.44,0.42,36,600,,,,,,,,
563760,全指现金流ETF中银,核心宽基,312,2.12,6.63,105,500,-28.67,18.92,18,0,8.13,4.64,319,2000,,,,,,,,,,,,
513820,港股通红利ETF汇添富,跨境全球,568,12.44,9.05,127,600,3.96,11.76,170,700,8.11,10.72,477,2000,1.36,0.56,28,300,,,,,,,,
563390,全指现金流ETF华泰柏瑞,核心宽基,335,5.6,5.52,114,500,-29.2,19.07,10,0,7.65,3.75,236,1700,,,,,,,,,,,,
159233,自由现金流ETF平安,核心宽基,314,5.85,5.76,104,600,-26.12,17.95,14,100,7.6,3.2,230,1700,,,,,,,,,,,,
159201,自由现金流ETF华夏,核心宽基,378,9.12,8.75,117,600,-23.5,20.0,28,100,7.46,4.95,232,1600,,,,,,,,,,,,
159232,自由现金流ETF南方,核心宽基,335,5.14,6.3,116,600,-27.4,18.75,10,0,7.46,3.01,239,1600,,,,,,,,,,,,
159330,沪深300ETF东财,核心宽基,502,-1.04,3.52,186,700,10.91,3.32,284,1200,7.41,1.68,312,1400,1.49,0.52,34,400,,,,,,,,
159300,沪深300ETF富国,核心宽基,554,0.25,3.3,186,200,8.08,3.35,225,200,7.34,1.67,255,300,2.56,1.61,30,0,,,,,,,,
560530,中证A500ETF摩根,核心宽基,468,-1.7,4.7,166,1000,12.61,4.45,311,2100,7.31,1.98,242,1600,6.91,9.98,366,3100,,,,,,,,
159235,中证现金流ETF大成,核心宽基,335,1.2,6.06,107,500,-29.51,18.71,10,0,7.3,4.39,318,1700,,,,,,,,,,,,
560610,A500ETF招商,核心宽基,468,0.58,4.62,188,1100,12.82,4.23,304,2000,7.24,1.99,239,1500,8.26,8.8,438,3800,,,,,,,,
159222,自由现金流ETF易方达,核心宽基,344,10.83,8.19,106,500,-22.7,20.23,22,100,7.06,4.16,216,1400,,,,,,,,,,,,
159227,航空航天ETF华夏,国防军工,326,1.66,15.84,114,1100,-35.17,29.89,80,800,7.03,15.88,301,3000,,,,,,,,,,,,
159305,储能电池ETF广发,新能源制造,474,-62.38,18.09,68,700,-34.02,23.57,212,2500,7.02,12.11,348,6300,5.93,4.17,88,3800,,,,,,,,
159307,红利低波100ETF博时,公用红利,580,7.47,6.61,149,600,-4.55,9.78,88,400,6.95,7.45,523,2100,1.18,0.39,32,400,,,,,,,,
159220,港股通红利低波ETF华宝,跨境全球,330,10.78,7.52,161,1400,-4.16,12.83,140,1000,6.88,7.64,364,3400,,,,,,,,,,,,
159393,沪深300ETF万家,核心宽基,371,-1.16,3.4,195,100,8.84,3.28,217,200,6.8,1.62,262,300,,,,,,,,,,,,
512080,A500ETF中金,核心宽基,399,9.21,3.54,213,1300,15.28,4.51,332,2300,6.75,1.16,162,1300,,,,,,,,,,,,
560510,中证A500ETF泰康,核心宽基,468,6.1,4.52,196,1300,15.36,3.91,320,2200,6.51,1.83,228,1400,7.76,8.13,420,3500,,,,,,,,
513910,港股通央企红利ETF华夏,跨境全球,616,14.19,9.15,114,500,-4.0,14.24,52,100,6.1,12.89,395,1300,1.75,0.97,24,300,,,,,,,,
159368,创业板新能源ETF华夏,新能源制造,361,-73.46,20.86,56,600,-28.28,21.91,212,3100,5.21,9.55,300,5800,,,,,,,,,,,,
159207,高股息ETF广发,公用红利,350,11.12,7.0,188,900,6.56,9.52,313,1400,5.1,2.51,164,1100,,,,,,,,,,,,
159263,价值ETF易方达,核心宽基,290,14.02,7.87,146,700,-6.83,13.16,40,100,4.96,1.62,144,1000,,,,,,,,,,,,
159387,创业板新能源ETF国泰,新能源制造,310,-74.53,20.88,58,600,-26.1,21.81,226,3200,4.72,9.64,298,5100,,,,,,,,,,,,
159267,航天ETF华安,国防军工,272,-9.33,17.02,100,1100,-36.36,29.84,74,900,4.41,16.84,302,2900,,,,,,,,,,,,
159326,电网设备ETF华夏,新能源制造,487,-57.03,20.79,60,300,-14.93,19.91,238,1200,3.83,1.56,26,400,6.01,4.81,146,1700,,,,,,,,
159278,机器人ETF鹏华,科技芯片,265,-31.85,16.27,134,1900,2.83,14.26,222,3700,2.27,21.06,468,6100,,,,,,,,,,,,
159545,恒生红利低波ETF易方达,跨境全球,588,-1.87,11.16,71,300,-15.63,16.4,40,100,0.9,13.28,300,1000,1.2,0.72,18,200,,,,,,,,
520550,港股红利低波ETF招商,跨境全球,396,-2.2,10.79,59,300,-14.87,15.89,40,200,0.77,13.24,302,1300,,,,,,,,,,,,
159105,恒生生物科技ETF易方达,跨境全球,212,30.57,2.25,74,1900,22.93,17.35,262,3700,0.04,24.48,220,2600,,,,,,,,,,,,
589960,科创新能源ETF易方达,新能源制造,236,-75.32,22.59,72,700,-49.79,29.25,174,1700,-2.23,20.22,304,5300,,,,,,,,,,,,
159399,现金流ETF国泰,核心宽基,378,10.78,9.0,136,800,-26.94,22.12,12,0,-3.16,17.71,306,1400,,,,,,,,,,,,
159378,通用航空ETF永赢,国防军工,406,-33.68,15.6,68,500,-40.33,28.97,102,800,-6.04,20.13,288,2200,,,,,,,,,,,,
159272,机器人ETF富国,科技芯片,237,-32.27,16.05,130,2200,2.79,13.62,224,4200,-7.1,24.85,322,5300,,,,,,,,,,,,
588830,科创新能源ETF鹏华,新能源制造,508,-80.09,23.24,68,600,-54.18,30.52,134,1100,-7.5,23.28,370,3500,4.79,4.95,94,2000,,,,,,,,
520510,港股通医疗ETF华夏,跨境全球,268,22.02,2.26,48,1200,25.16,16.31,211,3800,-12.91,31.82,66,700,,,,,,,,,,,,
513780,港股创新药ETF景顺,跨境全球,460,30.65,2.61,72,1000,26.74,15.98,224,2200,-13.15,31.15,44,300,11.38,7.89,204,3600,,,,,,,,
159366,港股医疗ETF永赢,跨境全球,347,22.56,2.52,52,800,21.47,17.35,197,2100,-13.19,31.9,66,400,,,,,,,,,,,,
520700,港股通创新药ETF万家,跨境全球,469,33.26,2.52,74,1100,29.24,16.21,244,2500,-13.32,31.44,42,200,13.38,8.81,232,4600,,,,,,,,
589120,科创创新药ETF汇添富,医药健康,237,31.32,1.76,71,2200,34.33,10.2,287,6800,-14.0,26.52,70,2200,,,,,,,,,,,,
159107,创业板软件ETF富国,科技芯片,236,22.94,6.35,218,3500,-32.19,23.02,112,1100,-14.79,26.27,256,3900,,,,,,,,,,,,
520970,港股通创新药ETF嘉实,跨境全球,268,29.16,2.5,70,1800,29.1,15.99,246,4600,-14.8,32.71,42,200,,,,,,,,,,,,
589720,科创创新药ETF国泰,医药健康,272,30.98,1.91,76,2100,35.17,9.61,269,6300,-15.55,27.73,68,1700,,,,,,,,,,,,
159256,创业板软件ETF华夏,科技芯片,271,31.77,6.92,239,4200,-31.44,23.7,134,1500,-15.61,26.89,248,3600,,,,,,,,,,,,
520600,港股通汽车ETF广发,跨境全球,414,-40.48,11.42,52,800,-39.49,22.61,136,800,-18.01,25.24,296,2200,4.83,4.65,253,3100,,,,,,,,
159323,港股通汽车ETF华夏,跨境全球,408,-41.27,11.29,50,800,-39.43,22.57,134,800,-19.69,25.76,252,1800,,,,,,,,,,,,
159590,软件ETF汇添富,科技芯片,452,22.73,5.24,229,3000,-36.6,22.67,66,700,-20.76,30.49,206,2100,1.76,22.03,596,6800,,,,,,,,
159557,恒生医疗ETF嘉实,跨境全球,564,25.59,2.33,68,900,18.62,18.6,252,2500,-21.72,33.79,40,100,3.84,4.0,42,1100,,,,,,,,
159303,恒生医疗ETF大成,跨境全球,538,26.21,2.14,78,900,14.54,18.66,227,1900,-22.47,33.77,34,0,3.09,2.72,28,800,,,,,,,,
588130,科创医药ETF华夏,医药健康,318,30.44,2.96,163,2400,18.54,9.9,431,4700,-23.17,25.69,56,500,,,,,,,,,,,,
159286,港股通创新药ETF鹏华,跨境全球,250,25.26,2.36,66,1900,7.55,18.81,217,4100,-24.59,34.35,64,700,,,,,,,,,,,,
520980,港股通科技ETF汇添富,跨境全球,294,-1.2,7.3,176,2000,-12.75,13.96,132,2300,-24.85,29.11,160,1600,,,,,,,,,,,,
159269,港股通科技ETF南方,跨境全球,288,5.89,5.97,185,1800,-18.52,14.94,106,1200,-25.22,30.31,124,900,,,,,,,,,,,,
520840,港股通恒生科技ETF华安,跨境全球,256,3.15,7.29,194,2300,-16.73,14.61,114,1500,-25.78,30.37,148,1200,,,,,,,,,,,,
159297,港股通创新药ETF南方,跨境全球,236,30.65,2.5,76,2400,9.84,18.67,229,4600,-25.85,34.4,44,600,,,,,,,,,,,,
159262,港股通科技ETF广发,跨境全球,291,-3.86,7.7,176,2200,-14.35,13.6,138,2300,-26.61,29.67,164,1400,,,,,,,,,,,,
159217,港股通创新药ETF工银,跨境全球,353,33.35,2.81,78,1700,10.42,18.83,237,3000,-28.15,36.96,38,100,,,,,,,,,,,,
159316,港股通创新药ETF易方达,跨境全球,359,24.1,2.2,70,1100,1.87,20.05,193,2200,-29.3,37.39,32,0,,,,,,,,,,,,
159101,港股通科技ETF华夏,跨境全球,249,8.54,7.88,171,2100,-28.3,19.82,64,900,-29.8,35.59,118,900,,,,,,,,,,,,
520880,港股通创新药ETF华宝,跨境全球,291,24.76,2.41,68,3100,2.32,20.95,174,6300,-30.22,38.65,32,200,,,,,,,,,,,,
520690,港股创新药ETF博时,跨境全球,272,26.13,2.47,62,2000,3.01,20.34,193,4000,-30.49,38.53,30,100,,,,,,,,,,,,
520500,恒生创新药ETF华泰柏瑞,跨境全球,415,31.07,2.67,79,1200,4.51,20.69,207,2400,-31.05,38.51,30,0,7.7,7.81,122,2400,,,,,,,,
159202,恒生互联网ETF万家,跨境全球,345,-13.02,11.8,162,1900,-39.53,22.85,44,800,-33.54,38.23,152,1200,,,,,,,,,,,,
520920,恒生科技ETF天弘,跨境全球,230,-11.95,7.83,150,1800,-25.39,15.37,78,1200,-36.56,35.26,18,0,,,,,,,,,,,,
159568,港股互联网ETF博时,跨境全球,620,-2.82,12.44,176,1800,-48.04,27.86,34,400,-42.94,47.11,72,300,2.93,7.82,139,1800,,,,,,,,
159133,化工ETF天弘,周期资源,196,-10.58,11.55,109,1000,-12.61,15.0,138,1300,,,,,,,,,,,,,,,,
159157,有色金属ETF天弘,周期资源,145,-3.9,15.65,109,1900,3.77,18.9,200,3900,,,,,,,,,,,,,,,,
159148,石油ETF富国,周期资源,142,31.44,5.43,150,2000,-14.89,17.58,52,200,,,,,,,,,,,,,,,,
159168,有色ETF富国,周期资源,141,-10.62,16.31,103,1500,4.14,19.21,204,3800,,,,,,,,,,,,,,,,
512940,有色ETF华安,周期资源,137,7.38,15.66,110,2300,0.25,19.5,195,3200,,,,,,,,,,,,,,,,
563380,航空航天ETF华泰柏瑞,国防军工,208,17.3,12.83,137,1700,-22.56,25.5,100,1100,,,,,,,,,,,,,,,,
159030,粮食ETF华夏,大消费,88,38.03,6.36,76,2300,,,,,,,,,,,,,,,,,,,,
159033,粮食ETF国泰,大消费,70,36.29,6.66,62,1800,,,,,,,,,,,,,,,,,,,,
159038,粮食ETF易方达,大消费,81,40.44,5.85,74,2200,,,,,,,,,,,,,,,,,,,,
159016,证券ETF广发,大金融,86,18.42,1.69,144,1300,,,,,,,,,,,,,,,,,,,,
560400,证券ETF华泰柏瑞,大金融,122,20.03,1.19,131,1400,13.73,6.16,322,2500,,,,,,,,,,,,,,,,
515970,工程机械ETF华夏,新能源制造,141,-8.46,6.58,118,1200,-5.84,10.3,222,2300,,,,,,,,,,,,,,,,
560710,船舶ETF富国,新能源制造,145,37.58,7.86,145,2300,6.17,19.45,158,1900,,,,,,,,,,,,,,,,
560390,电网设备ETF易方达,新能源制造,133,-50.19,18.55,58,600,-10.48,17.2,226,2400,,,,,,,,,,,,,,,,
159247,创业板ETF汇添富,核心宽基,149,-24.22,12.73,106,1600,15.19,4.0,215,2300,,,,,,,,,,,,,,,,
510910,上证指数ETF南方,核心宽基,72,10.87,4.26,165,1100,,,,,,,,,,,,,,,,,,,,
530060,上证指数ETF易方达,核心宽基,143,10.41,3.67,170,900,8.98,3.91,296,1400,,,,,,,,,,,,,,,,
589360,科创50ETF国泰,核心宽基,56,-60.77,18.81,114,2200,,,,,,,,,,,,,,,,,,,,
589220,科创200ETF国泰,核心宽基,154,-16.05,21.93,93,1600,23.29,11.96,193,3800,,,,,,,,,,,,,,,,
159140,科创创业人工智能ETF易方达,科技芯片,179,8.34,11.54,159,2100,17.53,4.05,65,1500,,,,,,,,,,,,,,,,
159141,科创创业人工智能ETF永赢,科技芯片,184,4.98,12.97,155,2500,19.83,4.25,94,2000,,,,,,,,,,,,,,,,
159142,科创创业人工智能ETF景顺,科技芯片,183,10.16,10.62,165,2400,22.31,4.26,92,2300,,,,,,,,,,,,,,,,
159243,创业板人工智能ETF招商,科技芯片,169,15.35,18.05,152,2300,32.38,5.62,134,3300,,,,,,,,,,,,,,,,
561460,人工智能ETF天弘,科技芯片,51,,,,,,,,,,,,,,,,,,,,,,,,
563530,卫星ETF易方达,科技芯片,203,-45.17,22.63,134,1000,-30.37,28.81,206,2400,,,,,,,,,,,,,,,,
563790,卫星ETF鹏华,科技芯片,169,-47.82,24.06,138,1500,-30.78,28.77,218,3100,,,,,,,,,,,,,,,,
589030,科创芯片设计ETF易方达,科技芯片,159,9.04,12.6,153,2900,27.09,5.78,110,3100,,,,,,,,,,,,,,,,
589070,科创芯片设计ETF天弘,科技芯片,155,10.91,12.51,153,3200,28.83,5.68,126,3700,,,,,,,,,,,,,,,,
589190,科创芯片ETF华宝,科技芯片,153,32.89,12.08,191,6100,18.21,5.48,50,3400,,,,,,,,,,,,,,,,
589130,科创芯片ETF易方达,科技芯片,166,35.17,11.25,191,2800,18.91,4.55,48,1600,,,,,,,,,,,,,,,,
589430,科创芯片设计ETF华宝,科技芯片,6,,,,,,,,,,,,,,,,,,,,,,,,
589210,科创芯片设计ETF广发,科技芯片,176,11.32,12.64,161,5200,27.97,5.81,124,5700,,,,,,,,,,,,,,,,
159100,巴西ETF华夏,跨境全球,204,20.82,4.62,102,1000,8.37,12.75,142,1200,,,,,,,,,,,,,,,,
159185,港股通信息技术ETF鹏华,跨境全球,97,3.48,10.6,172,2100,,,,,,,,,,,,,,,,,,,,
159131,港股通信息技术ETF华宝,跨境全球,204,1.45,10.74,162,2200,22.11,8.93,116,2900,,,,,,,,,,,,,,,,
159120,港股通科技ETF国联安,跨境全球,204,-3.15,6.72,151,1700,-9.45,13.82,128,2900,,,,,,,,,,,,,,,,
159137,港股通医疗ETF华宝,跨境全球,164,26.42,2.23,58,1400,23.72,16.61,210,3500,,,,,,,,,,,,,,,,
159196,港股通信息技术ETF易方达,跨境全球,112,3.07,10.72,171,1800,10.0,1.01,26,700,,,,,,,,,,,,,,,,
159198,港股通信息技术ETF富国,跨境全球,111,1.29,10.64,169,1700,10.38,0.97,22,700,,,,,,,,,,,,,,,,
513240,港股通信息技术ETF华安,跨境全球,90,7.38,9.92,179,2400,,,,,,,,,,,,,,,,,,,,
513620,港股医疗ETF银华,跨境全球,84,23.89,2.38,60,1100,,,,,,,,,,,,,,,,,,,,
513930,恒生生物科技ETF华泰柏瑞,跨境全球,123,27.0,2.38,68,1400,27.88,16.73,262,4000,,,,,,,,,,,,,,,,
520570,恒生科技ETF南方,跨境全球,202,-11.2,7.95,152,1700,-25.51,15.78,74,1100,,,,,,,,,,,,,,,,
520650,港股通互联网ETF南方,跨境全球,207,1.53,12.84,194,4100,-48.84,28.27,40,900,,,,,,,,,,,,,,,,
520710,港股通信息技术ETF广发,跨境全球,74,3.69,10.29,173,2600,,,,,,,,,,,,,,,,,,,,
520870,巴西ETF易方达,跨境全球,204,24.18,4.41,80,1100,14.39,10.7,146,1700,,,,,,,,,,,,,,,,
526000,港股通信息技术ETF华夏,跨境全球,107,5.18,10.18,175,2000,10.97,1.19,34,700,,,,,,,,,,,,,,,,
